-- ============================================================
-- 📦 DATASET TalentÉkô (version 2025)
-- Base de démonstration complète pour soutenance RNCP DWWM
-- Auteur : waffa / Symfony 6.4 + MariaDB 10.4.32
-- Structure : 13 tables / Données : 60 users, 300 listings,
-- 80 échanges, 120 avis, 200 favoris, 40 threads / 90 messages.
-- ============================================================

SET NAMES utf8mb4;
SET FOREIGN_KEY_CHECKS=0;

-- ============================================================
-- TABLE: category
-- ============================================================
TRUNCATE TABLE category;
INSERT INTO category (id, name, slug) VALUES
(1,'Administratif','administratif'),
(2,'Cuisine','cuisine'),
(3,'Langues','langues'),
(4,'Informatique','informatique'),
(5,'Bricolage','bricolage'),
(6,'Sport','sport'),
(7,'Art','art'),
(8,'Juridique','juridique'),
(9,'Marketing','marketing'),
(10,'Bien-être','bien-etre'),
(11,'Jardinage','jardinage'),
(12,'Éducation','education');

-- ============================================================
-- TABLE: user
-- ============================================================
TRUNCATE TABLE user;

INSERT INTO user (id,email,password,pseudo,location,roles,created_at,rating_avg,rating_count,tag)
VALUES
(1,'admin@talenteko.test','$2y$13$adminhash','Admin','Paris','["ROLE_ADMIN","ROLE_USER"]',NOW(),5,35,'A'),
(2,'camille.dupont@example.com','$2y$13$Password123!','CamilleD','Lyon','["ROLE_USER"]',NOW(),3.9,8,'C'),
(3,'mathieu.leroux@example.com','$2y$13$Password123!','MathLRX','Bordeaux','["ROLE_USER"]',NOW(),4.7,21,'M'),
(4,'julie.roche@example.com','$2y$13$Password123!','JulieR','Nantes','["ROLE_USER"]',NOW(),NULL,0,'J'),         -- NON NOTÉE
(5,'lucas.garcia@example.com','$2y$13$Password123!','LucasG','Toulouse','["ROLE_USER"]',NOW(),2.8,4,'L'),
(6,'ines.martin@example.com','$2y$13$Password123!','InesM','Nice','["ROLE_USER"]',NOW(),4.9,19,'I'),
(7,'quentin.bernard@example.com','$2y$13$Password123!','QuentB','Marseille','["ROLE_USER"]',NOW(),3.3,6,'Q'),
(8,'emma.lenoir@example.com','$2y$13$Password123!','EmmaL','Montpellier','["ROLE_USER"]',NOW(),4.2,12,'E'),
(9,'nathan.moreau@example.com','$2y$13$Password123!','NathM','Strasbourg','["ROLE_USER"]',NOW(),1.7,3,'N'),
(10,'lea.renard@example.com','$2y$13$Password123!','LeaR','Lille','["ROLE_USER"]',NOW(),4.5,17,'L'),
(11,'sophie.martel@example.com','$2y$13$Password123!','SophieM','Rennes','["ROLE_USER"]',NOW(),2.1,5,'S'),
(12,'paul.meyer@example.com','$2y$13$Password123!','PaulM','Grenoble','["ROLE_USER"]',NOW(),4.0,9,'P'),
(13,'celine.baron@example.com','$2y$13$Password123!','CelineB','Dijon','["ROLE_USER"]',NOW(),4.6,14,'C'),
(14,'adrien.roux@example.com','$2y$13$Password123!','AdrienR','Tours','["ROLE_USER"]',NOW(),3.7,8,'A'),
(15,'laura.perrin@example.com','$2y$13$Password123!','LauraP','Reims','["ROLE_USER"]',NOW(),4.8,22,'L'),
(16,'marc.lefevre@example.com','$2y$13$Password123!','MarcL','Paris','["ROLE_USER"]',NOW(),2.9,4,'M'),
(17,'anais.dumont@example.com','$2y$13$Password123!','AnaisD','Lyon','["ROLE_USER"]',NOW(),5,41,'A'),
(18,'kevin.robert@example.com','$2y$13$Password123!','KevR','Marseille','["ROLE_USER"]',NOW(),1.4,2,'K'),
(19,'claire.boutin@example.com','$2y$13$Password123!','ClaireB','Bordeaux','["ROLE_USER"]',NOW(),4.9,26,'C'),
(20,'yann.girard@example.com','$2y$13$Password123!','YannG','Nantes','["ROLE_USER"]',NOW(),3.4,7,'Y'),
(21,'salome.charles@example.com','$2y$13$Password123!','SalomeC','Toulouse','["ROLE_USER"]',NOW(),4.6,13,'S'),
(22,'alexandre.picard@example.com','$2y$13$Password123!','AlexP','Nice','["ROLE_USER"]',NOW(),3.1,6,'A'),
(23,'marina.legrand@example.com','$2y$13$Password123!','MarinaL','Lille','["ROLE_USER"]',NOW(),2.5,3,'M'),
(24,'thomas.gautier@example.com','$2y$13$Password123!','TomG','Rennes','["ROLE_USER"]',NOW(),4.9,28,'T'),
(25,'juliette.fontaine@example.com','$2y$13$Password123!','JujuF','Strasbourg','["ROLE_USER"]',NOW(),NULL,0,'J'),   -- NON NOTÉE
(26,'victor.masson@example.com','$2y$13$Password123!','VictorM','Montpellier','["ROLE_USER"]',NOW(),4.3,11,'V'),
(27,'manon.dupuis@example.com','$2y$13$Password123!','ManonD','Grenoble','["ROLE_USER"]',NOW(),3.6,7,'M'),
(28,'arnaud.renault@example.com','$2y$13$Password123!','ArnaudR','Dijon','["ROLE_USER"]',NOW(),1.9,2,'A'),
(29,'elise.bailly@example.com','$2y$13$Password123!','EliseB','Tours','["ROLE_USER"]',NOW(),4.8,17,'E'),
(30,'doriane.hubert@example.com','$2y$13$Password123!','DoriH','Reims','["ROLE_USER"]',NOW(),3.2,6,'D'),
(31,'gabin.roche@example.com','$2y$13$Password123!','GabinR','Paris','["ROLE_USER"]',NOW(),4.1,9,'G'),
(32,'amelie.poulain@example.com','$2y$13$Password123!','AmelieP','Lyon','["ROLE_USER"]',NOW(),4.6,16,'A'),
(33,'maxime.boulanger@example.com','$2y$13$Password123!','MaxB','Marseille','["ROLE_USER"]',NOW(),2.4,4,'M'),
(34,'sarah.boutin@example.com','$2y$13$Password123!','SarahB','Bordeaux','["ROLE_USER"]',NOW(),5,33,'S'),
(35,'loic.caron@example.com','$2y$13$Password123!','LoicC','Nantes','["ROLE_USER"]',NOW(),4.0,8,'L'),
(36,'amber.lemaire@example.com','$2y$13$Password123!','AmberL','Toulouse','["ROLE_USER"]',NOW(),3.8,7,'A'),
(37,'nicolas.payet@example.com','$2y$13$Password123!','NicoP','Nice','["ROLE_USER"]',NOW(),2.0,3,'N'),
(38,'celeste.morin@example.com','$2y$13$Password123!','CelM','Lille','["ROLE_USER"]',NOW(),1.1,1,'C'),
(39,'florian.breton@example.com','$2y$13$Password123!','FloB','Rennes','["ROLE_USER"]',NOW(),4.4,10,'F'),
(40,'melissa.marchand@example.com','$2y$13$Password123!','MelM','Strasbourg','["ROLE_USER"]',NOW(),3.5,6,'M'),
(41,'adrien.legros@example.com','$2y$13$Password123!','AdrienL','Montpellier','["ROLE_USER"]',NOW(),3.0,5,'A'),
(42,'ines.barbier@example.com','$2y$13$Password123!','InesB','Grenoble','["ROLE_USER"]',NOW(),4.8,23,'I'),
(43,'leo.pelletier@example.com','$2y$13$Password123!','LeoP','Dijon','["ROLE_USER"]',NOW(),2.6,4,'L'),
(44,'noemie.descamps@example.com','$2y$13$Password123!','NoeD','Tours','["ROLE_USER"]',NOW(),4.9,31,'N'),
(45,'valentin.munoz@example.com','$2y$13$Password123!','ValM','Reims','["ROLE_USER"]',NOW(),3.4,6,'V'),
(46,'helena.pires@example.com','$2y$13$Password123!','HelP','Paris','["ROLE_USER"]',NOW(),NULL,0,'H'),             -- NON NOTÉE
(47,'remi.martinez@example.com','$2y$13$Password123!','RemiM','Lyon','["ROLE_USER"]',NOW(),NULL,0,'R'),
(48,'lea.fabre@example.com','$2y$13$Password123!','LeaF','Marseille','["ROLE_USER"]',NOW(),NULL,0,'L'),
(49,'samuel.collet@example.com','$2y$13$Password123!','SamC','Bordeaux','["ROLE_USER"]',NOW(),NULL,0,'S'),
(50,'amelia.pires@example.com','$2y$13$Password123!','AmelP','Nantes','["ROLE_USER"]',NOW(),NULL,0,'A'),
(51,'damien.florent@example.com','$2y$13$Password123!','DamF','Toulouse','["ROLE_USER"]',NOW(),4.7,14,'D'),
(52,'laurie.lacombe@example.com','$2y$13$Password123!','LaurieL','Nice','["ROLE_USER"]',NOW(),3.5,7,'L'),
(53,'antoine.descartes@example.com','$2y$13$Password123!','AntoD','Lille','["ROLE_USER"]',NOW(),2.8,5,'A'),
(54,'roxane.morel@example.com','$2y$13$Password123!','RoxM','Rennes','["ROLE_USER"]',NOW(),3.1,6,'R'),
(55,'gaetan.vidal@example.com','$2y$13$Password123!','GaeV','Strasbourg','["ROLE_USER"]',NOW(),4.4,12,'G'),
(56,'daphne.garrel@example.com','$2y$13$Password123!','DaphG','Montpellier','["ROLE_USER"]',NOW(),4.9,27,'D'),
(57,'jonas.bertrand@example.com','$2y$13$Password123!','JonB','Grenoble','["ROLE_USER"]',NOW(),3.3,6,'J'),
(58,'maelys.hardy@example.com','$2y$13$Password123!','MaelysH','Dijon','["ROLE_USER"]',NOW(),4.0,9,'M'),
(59,'tom.bourgeois@example.com','$2y$13$Password123!','TomB','Tours','["ROLE_USER"]',NOW(),2.2,3,'T'),
(60,'elina.roy@example.com','$2y$13$Password123!','ElinaR','Reims','["ROLE_USER"]',NOW(),1.2,2,'E');


-- ============================================================
-- TABLE: listing
-- ============================================================
TRUNCATE TABLE listing;
INSERT INTO listing (id,title,slug,description,type,location,status,created_at,author_id,category_id,average_rating, updated_at)
VALUES
(1,'Aide démarches CAF','aide-demarches-caf','Je vous accompagne pas à pas dans vos démarches administratives CAF : formulaires, téléchargement de documents, création de compte et optimisation de votre dossier.','OFFER','Paris','published',NOW(),2,1,4.5, NOW()),
(2,'Révision dossiers administratifs','revision-dossiers-administratifs','Organisation complète de vos papiers, classement clair, tri des documents importants et explications personnalisées.','REQUEST','Lyon','published',NOW(),3,1,4.3, NOW()),
(3,'Conseil rédaction lettres officielles','conseil-redaction-lettres-officielles','Aide à la rédaction de lettres professionnelles : réclamations, résiliations, demandes officielles, en respectant les formules administratives.','OFFER','Toulon','published',NOW(),4,1,4.7, NOW()),
(4,'Aide inscription services publics','aide-inscription-services-publics','Accompagnement pour s’inscrire aux services : ANTS, Ameli, impots.gouv, CAF, assurance retraite. Assistance pas à pas.','REQUEST','Dijon','published',NOW(),5,1,4.4, NOW()),
(5,'Montage dossier retraite','montage-dossier-retraite','Vérification des documents, calcul estimatif, aide à la transmission des pièces obligatoires pour un dossier complet et conforme.','OFFER','Rouen','published',NOW(),6,1,4.8, NOW()),
(6,'Classement administratif complet','classement-administratif-complet','Tri, organisation et numérisation de vos documents. Création de dossiers thématiques avec méthode simple et efficace.','OFFER','Nantes','published',NOW(),7,1,4.6, NOW()),
(7,'Cours pâtisserie maison','cours-patisserie-maison','Initiation aux techniques pâtissières : ganaches, pâtes sablées, mousses légères et décoration simple pour desserts élégants.','OFFER','Lyon','published',NOW(),8,2,4.8, NOW()),
(8,'Atelier cuisine marocaine','atelier-cuisine-marocaine','Apprenez à préparer tajines, couscous, pâtisseries orientales et épices traditionnelles pour un menu complet.','OFFER','Toulouse','published',NOW(),9,2,4.7, NOW()),
(9,'Cuisine végétarienne facile','cuisine-vegetarienne-facile','Recettes simples et équilibrées : bowls, plats mijotés, sauces maison, alternatives protéinées et astuces budget.','REQUEST','Nice','published',NOW(),10,2,4.5, NOW()),
(10,'Atelier pâtisserie festive','atelier-patisserie-festive','Entremets, mousses, glaçages brillants et décorations modernes. Atelier adapté aux débutants.','OFFER','Paris','published',NOW(),11,2,4.9, NOW()),
(11,'Cuisine italienne traditionnelle','cuisine-italienne-traditionnelle','Pâtes fraîches, pizzas maison, sauces authentiques et astuces de cuisson expliquées pas à pas.','OFFER','Grenoble','published',NOW(),12,2,4.6, NOW()),
(12,'Repas fait maison à petit budget','repas-petit-budget','Apprenez à cuisiner pour la semaine avec des ingrédients accessibles, recettes simples et astuces d’organisation.','REQUEST','Dunkerque','published',NOW(),13,2,4.4, NOW()),
(13,'Conversation anglaise','conversation-anglaise','Sessions conviviales pour améliorer votre fluidité, votre prononciation et votre vocabulaire à l’oral.','REQUEST','Marseille','published',NOW(),14,3,4.6, NOW()),
(14,'Cours d’arabe débutant','cours-arabe-debutant','Alphabet, bases de conversation et exercices guidés pour progresser rapidement.','OFFER','Caen','published',NOW(),15,3,4.2, NOW()),
(15,'Initiation japonais','initiation-japonais','Découverte hiragana, katakana, phrases simples, conseils de prononciation et immersion culturelle.','OFFER','Niort','published',NOW(),16,3,4.8, NOW()),
(16,'Cours espagnol pratique','cours-espagnol-pratique','Apprentissage naturel de la langue à travers dialogues, mises en situation et vocabulaire du quotidien.','OFFER','Reims','published',NOW(),17,3,4.7, NOW()),
(17,'Soutien français FLE','soutien-francais-fle','Accompagnement personnalisé pour non francophones du niveau A1 à B1.','REQUEST','Béziers','published',NOW(),18,3,4.4, NOW()),
(18,'Cours italien débutant','cours-italien-debutant','Bases grammaticales, structures essentielles et exercices ludiques pour une progression concrète.','OFFER','Brest','published',NOW(),19,3,4.5, NOW()),
(19,'Dépannage PC rapide','depannage-pc-rapide','Réparation rapide Windows : installation, nettoyage, virus, configuration bureautique, optimisation système.','OFFER','Bordeaux','published',NOW(),20,4,4.9, NOW()),
(20,'Montage PC gamer','montage-pc-gamer','Conseils pour composants, montage complet, installation système, drivers et optimisation jeux.','OFFER','La Rochelle','published',NOW(),21,4,5.0, NOW()),
(21,'Dépannage Internet','depannage-internet','Résolution problèmes WiFi, box, CPL, imprimantes réseau et lenteurs.','REQUEST','Tarbes','published',NOW(),22,4,4.2, NOW()),
(22,'Initiation Python','initiation-python','Bases de la programmation Python : variables, boucles, conditions, scripts simples.','OFFER','Perpignan','published',NOW(),23,4,5.0, NOW()),
(23,'Initiation Linux','initiation-linux','Installation, commandes essentielles, gestion fichiers, terminal et bonnes pratiques.','OFFER','Dieppe','published',NOW(),24,4,4.8, NOW()),
(24,'Soutien informatique seniors','informatique-seniors','Initiation Internet, mails, Word, organisation fichiers, sécurité et anti-arnaques.','REQUEST','Charleville-Mézières','published',NOW(),25,4,4.7, NOW()),
(25,'Montage de meubles','montage-de-meubles','Montage rapide et propre de meubles IKEA ou autres. Outils fournis si besoin.','OFFER','Toulouse','published',NOW(),26,5,4.7, NOW()),
(26,'Bricolage simple domicile','bricolage-simple','Pose d’étagères, tringles, petits montages, fixations murales et réparations simples.','REQUEST','Chinon','published',NOW(),27,5,4.5, NOW()),
(27,'Installation TV murale','installation-tv-murale','Support mural, câbles masqués, réglages image/son et optimisation installation.','OFFER','Chartres','published',NOW(),28,5,4.8, NOW()),
(28,'Aide outils débutants','aide-outils-debutants','Initiation manipulation outils, sécurité, percer sans dégâts, visser correctement.','OFFER','Angers','published',NOW(),29,5,4.6, NOW()),
(29,'Réparation petits meubles','reparation-petits-meubles','Collage, vissage, ponçage léger pour meubles abîmés ou instables.','OFFER','Ivry-sur-Seine','published',NOW(),30,5,4.4, NOW()),
(30,'Aménagement dressing','amenagement-dressing','Organisation espace, installation accessoires, optimisation rangement.','REQUEST','Alfortville','published',NOW(),31,5,4.1, NOW()),
(31,'Coaching sportif','coaching-sportif','Séances sur mesure musculation, cardio, mobilité, conseils nutrition et progression suivie.','OFFER','Amiens','published',NOW(),32,6,4.9, NOW()),
(32,'Cours natation débutant','cours-natation-debutant','Apprentissage crawl, respiration, flottaison, gestes corrects pour débutants.','OFFER','Belfort','published',NOW(),33,6,4.3, NOW()),
(33,'Coaching running','coaching-running','Plan de course personnalisé : endurance, interval training, postures et gestion de l’effort.','OFFER','Vitry-sur-Seine','published',NOW(),34,6,4.7, NOW()),
(34,'Cours yoga détente','cours-yoga-detente','Séances douces orientées respiration, stretching et relaxation profonde.','REQUEST','Nice','published',NOW(),35,6,4.6, NOW()),
(35,'Cours boxe débutant','cours-boxe-debutant','Bases pieds-poings, techniques simples, condition physique et confiance en soi.','OFFER','Chambéry','published',NOW(),36,6,4.6, NOW()),
(36,'Apprentissage roller','apprentissage-roller','Sécurité, équilibre, déplacements simples, freinage et premiers parcours.','OFFER','Corbeil-Essonnes','published',NOW(),37,6,NULL, NOW()),
(37,'Cours de dessin','cours-de-dessin','Apprentissage croquis, ombres, proportions, perspectives et techniques simples pour progresser rapidement.','OFFER','Nantes','published',NOW(),38,7,4.3, NOW()),
(38,'Atelier peinture acrylique','atelier-peinture-acrylique','Techniques couleurs, textures, superpositions, création de tableaux modernes.','OFFER','Nanterre','published',NOW(),39,7,NULL, NOW()),
(39,'Atelier aquarelle','atelier-aquarelle','Découverte travail à l’eau, transparences, dégradés, compositions florales et paysages.','OFFER','Redon','published',NOW(),40,7,4.8, NOW()),
(40,'Cours sculpture débutant','cours-sculpture-debutant','Initiation argile, outils de base, volumes simples et créations guidées.','REQUEST','Calais','published',NOW(),41,7,4.1, NOW()),
(41,'Atelier mosaïque','atelier-mosaique','Réalisation objets décoratifs, assemblage, coupe, choix couleurs et finitions.','OFFER','Dieppe','published',NOW(),42,7,NULL, NOW()),
(42,'Cours de photographie portrait','photo-portrait','Lumière naturelle, cadrage, poses, gestion du flou et composition professionnelle.','OFFER','Clamart','published',NOW(),43,7,4.9, NOW()),
(43,'Conseil juridique général','conseil-juridique-general','Explications simples de vos droits, rédaction de courriers légaux, orientation vers bonnes démarches.','REQUEST','Rennes','published',NOW(),44,8,4.2, NOW()),
(44,'Aide litiges simples','aide-litiges','Accompagnement pour litiges du quotidien : achats, voisinage, contrats, services.','REQUEST','Metz','published',NOW(),45,8,4.1, NOW()),
(45,'Rédaction lettres légales','redaction-lettres-legales','Aide formelle à la rédaction de lettres légales complexes : contestations, réclamations, mises en demeure.','OFFER','Paris','published',NOW(),46,8,4.5, NOW()),
(46,'Conseils droit du travail','conseils-droit-travail','Explications contrats, ruptures, droits salariés, procédures et obligations.','OFFER','Lille','published',NOW(),47,8,4.4, NOW()),
(47,'Aide contrats habitation','aide-contrats-habitation','Lecture, explication et comparaison de contrats : bail, assurances, état des lieux.','REQUEST','Orléans','published',NOW(),48,8,4.3, NOW()),
(48,'Conseil administratif juridique','conseil-administratif-juridique','Aide pour remplir dossiers, comprendre clauses et constituer un dossier solide.','OFFER','Strasbourg','published',NOW(),49,8,4.6, NOW()),
(49,'Stratégie réseaux sociaux','strategie-reseaux-sociaux','Audit profil, conseils contenu, hashtags, organisation publication et outils de planification.','OFFER','Grenoble','published',NOW(),50,9,4.9, NOW()),
(50,'Création logo simple','creation-logo-simple','Création d’un logo moderne et minimaliste adapté à votre activité.','OFFER','Troyes','published',NOW(),51,9,4.5, NOW()),
(51,'Création flyers','creation-flyers','Conception de flyers attractifs pour événements, commerces et associations.','OFFER','Agen','published',NOW(),52,9,4.4, NOW()),
(52,'Atelier montage vidéo','atelier-montage-video','Découverte des logiciels Premiere/DaVinci, coupes simples, transitions et export propre.','OFFER','Colombes','published',NOW(),53,9,4.7, NOW()),
(53,'Création site vitrine','creation-site-vitrine','Site web simple, structure claire, optimisation SEO de base et conseils contenu.','OFFER','Albi','published',NOW(),54,9,4.8, NOW()),
(54,'Coaching LinkedIn','coaching-linkedin','Optimisation du profil, stratégie contenu et bonnes pratiques professionnelles.','OFFER','Aubagne','published',NOW(),55,9,4.8, NOW()),
(55,'Massage relaxant','massage-relaxant','Séance complète détente profonde : respiration, pressions douces, relâchement tensions.','OFFER','Strasbourg','published',NOW(),56,10,4.7, NOW()),
(56,'Coaching sommeil','coaching-sommeil','Analyse habitudes, mise en place routines, conseils pour améliorer qualité du sommeil.','REQUEST','Bourg-la-Reine','published',NOW(),57,10,NULL, NOW()),
(57,'Atelier relaxation','atelier-relaxation','Techniques respiration, relâchement musculaire et exercices de détente.','OFFER','Montrouge','published',NOW(),58,10,4.6, NOW()),
(58,'Massage bien-être','massage-bien-etre','Massage léger d’une heure pour réduire stress et douleurs.','OFFER','Brest','published',NOW(),59,10,4.7, NOW()),
(59,'Coaching gestion stress','coaching-gestion-stress','Outils simples pour réduire anxiété, mieux organiser ses journées et reprendre confiance.','REQUEST','Échirolles','published',NOW(),60,10,NULL, NOW()),
(60,'Atelier méditation','atelier-meditation','Pratique guidée, respiration, pleine conscience pour débutants.','OFFER','Saint-Nazaire','published',NOW(),61,10,4.9, NOW()),
(61,'Jardinage et entretien','jardinage-entretien','Tonte, taille de haies, entretien simple et conseils pour un jardin sain toute l’année.','OFFER','Poitiers','published',NOW(),62,11,4.1, NOW()),
(62,'Initiation jardinage','initiation-jardinage','Découverte outils, choix plantes, entretien simple, arrosage et bases de permaculture.','OFFER','Cachan','published',NOW(),63,11,NULL, NOW()),
(63,'Atelier permaculture','atelier-permaculture','Créer un potager durable, associations plantes, compostage et optimisation espace.','OFFER','Drancy','published',NOW(),64,11,4.8, NOW()),
(64,'Coaching aménagement jardin','coaching-amenagement-jardin','Optimisation espace vert, choix végétaux adaptés et création zones pratiques.','REQUEST','Bastia','published',NOW(),65,11,4.3, NOW()),
(65,'Fabrication terrarium','fabrication-terrarium','Réalisation décorative, choix plantes, entretien et mise en scène personnalisée.','OFFER','Aurillac','published',NOW(),66,11,4.7, NOW()),
(66,'Initiation mosaïque verre','mosaique-verre','Création d’objets décoratifs en verre, techniques de coupe et assemblage.','OFFER','Dieppe','published',NOW(),67,11,NULL, NOW()),
(67,'Aide aux devoirs collège','aide-devoirs-college','Soutien en maths, français, histoire, aide méthodologique et révisions simples.','REQUEST','Tours','published',NOW(),68,12,4.2, NOW()),
(68,'Cours de physique lycée','cours-physique-lycee','Explications claires, exercices progressifs et préparation aux contrôles.','OFFER','Ajaccio','published',NOW(),69,12,4.4, NOW()),
(69,'Cours de maths terminale','cours-maths-terminale','Spé maths + révisions BAC, exercices types et explications visuelles.','OFFER','Aubervilliers','published',NOW(),70,12,4.6, NOW()),
(70,'Aide préparation examens','aide-preparation-examens','Méthodologie, techniques mémoire, organisation révisions et planification.','REQUEST','Cannes','published',NOW(),71,12,4.3, NOW()),
(71,'Soutien scolaire physique','soutien-physique','Explications adaptées, exercices progressifs et consolidation notions difficiles.','REQUEST','Évreux','published',NOW(),72,12,4.6, NOW()),
(72,'Cours biologie lycée','cours-biologie-lycee','Notions SVT terminale, schémas, méthodes et préparation évaluations.','OFFER','Bourgoin-Jallieu','published',NOW(),73,12,4.3, NOW()),
(73,'Aide déménagement','aide-demenagement','Aide au transport, cartons, organisation et mise en place rapide.','REQUEST','Hyères','published',NOW(),74,5,4.4, NOW()),
(74,'Cours ukulélé débutant','cours-ukulele','Bases, accords simples, premiers morceaux ludiques.','OFFER','Périgueux','published',NOW(),75,7,4.7, NOW()),
(75,'Débarras de cave','debarras-cave','Aide au tri, élimination encombrants, optimisation espace.','OFFER','Versailles','published',NOW(),76,1,4.4, NOW()),
(76,'Cours HTML/CSS débutant','cours-html-css','Création de pages simples, structure, balises, mise en forme.','OFFER','Villeneuve-d’Ascq','published',NOW(),77,4,4.5, NOW()),
(77,'Baby-sitting soirée','baby-sitting-soiree','Garde enfants ponctuelle en soirée, activités calmes, sécurité et écoute.','REQUEST','Toulon','published',NOW(),78,12,4.7, NOW()),
(78,'Cours chant débutant','cours-chant-debutant','Technique vocale, respiration, diction et exercices adaptés.','OFFER','Puteaux','published',NOW(),79,7,4.9, NOW()),
(79,'Réparation imprimante','reparation-imprimante','Installation pilotes, nettoyage têtes, résolution bourrages papier.','OFFER','Calais','published',NOW(),80,4,4.1, NOW()),
(80,'Atelier création bougies','atelier-bougies','Bougies parfumées, moulage, couleurs et décoration personnalisée.','OFFER','Romans-sur-Isère','published',NOW(),81,7,4.8, NOW()),
(81,'Photographie évènementielle','photo-evenementielle','Photos mariage, baptême, soirées, organisation et retouches simples.','OFFER','Asnières','published',NOW(),82,7,4.9, NOW()),
(82,'Coaching budget','coaching-budget','Méthodes simples pour économiser, organiser ses dépenses, objectifs financiers.','REQUEST','Charleville-Mézières','published',NOW(),83,10,4.6, NOW()),
(83,'Cours de crochet','cours-crochet','Initiation aux points de base, création objets simples et conseils matériel.','OFFER','Quimper','published',NOW(),84,7,4.7, NOW()),
(84,'Réglage guitare','reglage-guitare','Nettoyage, réglage manche, changement cordes et optimisation son.','OFFER','Levallois-Perret','published',NOW(),85,7,4.3, NOW()),
(85,'Cours de guitare débutant','guitare-debutant','Accords simples, rythmes de base, premiers morceaux guidés.','OFFER','Dijon','published',NOW(),86,7,4.5, NOW()),
(86,'Création mini-site HTML','creation-minisite-html','Structure simple d’un site, mise en page, intégration contenus.','OFFER','Mâcon','published',NOW(),87,4,4.4, NOW()),
(87,'Réparation console','reparation-console','Nettoyage interne, changement composants, diagnostics.','OFFER','Bourg-en-Bresse','published',NOW(),88,4,4.3, NOW()),
(88,'Cours calligraphie','cours-calligraphie','Initiation styles modernes, alphabet complet et exercices guidés.','OFFER','Garges-lès-Gonesse','published',NOW(),89,7,4.9, NOW()),
(89,'Soutien informatique','soutien-informatique','Aide installation logiciels, organisation fichiers, usage sûr Internet.','REQUEST','Narbonne','published',NOW(),90,4,4.7, NOW()),
(90,'Montage meuble complexe','montage-meuble-complexe','Dressings, armoires multi-modules, montage avancé et ajustements.','OFFER','Dax','published',NOW(),91,5,4.3, NOW()),
(91,'Cours danse contemporaine','danse-contemporaine','Techniques fluides, expression corporelle et mouvements créatifs.','OFFER','Lens','published',NOW(),92,6,4.8, NOW()),
(92,'Cours marketing digital','cours-marketing-digital','SEO, réseaux sociaux, stratégie contenu, outils pros débutants.','OFFER','Fréjus','published',NOW(),93,9,4.8, NOW()),
(93,'Initiation méditation','initiation-meditation','Respiration consciente, détente profonde, exercices guidés.','OFFER','Saint-Nazaire','published',NOW(),94,10,4.9, NOW()),
(94,'Cours couture débutant','cours-couture-debutant','Machine à coudre, points de base, réalisation petits projets.','OFFER','Vannes','published',NOW(),95,7,4.7, NOW()),
(95,'Cours JavaScript débutant','cours-js-debutant','Variables, fonctions, DOM et mini-projets interactifs.','OFFER','Marmande','published',NOW(),96,4,4.9, NOW()),
(96,'Cours guitare électrique','cours-guitare-electrique','Techniques rock, riffs, improvisation simple.','OFFER','Pontoise','published',NOW(),97,7,4.6, NOW()),
(97,'Réparation PC Linux','reparation-pc-linux','Dépannage logiciels, drivers, installation systèmes Linux.','OFFER','Millau','published',NOW(),98,4,4.4, NOW()),
(98,'Aide administrative retraite','aide-administrative-retraite','Aide démarches, simulation retraite, constitution dossier complet.','REQUEST','Saint-Ouen','published',NOW(),99,1,4.4, NOW()),
(99,'Cours peinture moderne','cours-peinture-moderne','Techniques libres, textures, couteau, compositions abstraites.','OFFER','Montreuil','published',NOW(),100,7,4.6, NOW()),
(100,'Cours photographie nuit','photo-nuit','Longue exposition, trépied, gestion lumière et effets créatifs.','OFFER','Auray','published',NOW(),101,7,4.7, NOW()),
(101,'Coaching prise de parole','coaching-prise-parole','Travail sur la voix, posture, respiration et gestion du stress pour parler avec aisance en public.','OFFER','Blois','published',NOW(),102,9,4.7, NOW()),
(102,'Création cartes de visite','creation-cartes-visite','Design professionnel, formats adaptés, conseils couleurs et typographies pour image moderne.','OFFER','Soissons','published',NOW(),103,9,4.4, NOW()),
(103,'Initiation SEO','initiation-seo','Bases du référencement naturel : structure, mots-clés, bonnes pratiques écriture web.','OFFER','Le Mans','published',NOW(),104,9,4.6, NOW()),
(104,'Optimisation profil Instagram','optimisation-instagram','Bio percutante, stratégie publications, cohérence visuelle et hashtags efficaces.','REQUEST','Tours','published',NOW(),105,9,4.8, NOW()),
(105,'Conseils branding personnel','branding-personnel','Définition identité, messages clés, ligne graphique et posture professionnelle.','OFFER','Paris','published',NOW(),106,9,4.7, NOW()),
(106,'Coaching communication','coaching-communication','Amélioration communication personnelle, outils simples, mises en situation pour progresser.','REQUEST','Bourges','published',NOW(),107,9,4.4, NOW()),
(107,'Cours méditation avancée','cours-meditation-avancee','Techniques approfondies : respiration, ancrage, pleine conscience prolongée et relaxation mentale.','OFFER','Narbonne','published',NOW(),108,10,4.8, NOW()),
(108,'Coaching alimentation saine','coaching-alimentation-saine','Conseils nutrition simples, recettes équilibrées, organisation repas et réduction stress alimentaire.','OFFER','Mulhouse','published',NOW(),109,10,4.7, NOW()),
(109,'Séance sophrologie','seance-sophrologie','Exercices guidés pour gérer émotions, fatigue mentale et tensions physiques.','OFFER','Aix-les-Bains','published',NOW(),110,10,4.5, NOW()),
(110,'Massage énergisant','massage-energisant','Techniques dynamiques pour stimuler circulation, vitalité et légèreté corporelle.','OFFER','Orly','published',NOW(),111,10,4.9, NOW()),
(111,'Coaching bien-être quotidien','coaching-bien-etre','Organisation simple, routines positives, gestion du mental et équilibre personnel.','REQUEST','Évreux','published',NOW(),112,10,4.6, NOW()),
(112,'Atelier respiration','atelier-respiration','Apprentissage techniques respiratoires pour apaiser stress, améliorer concentration et sommeil.','OFFER','Nîmes','published',NOW(),113,10,4.7, NOW()),
(113,'Création potager urbain','potager-urbain','Conception potager sur balcon, choix plantes, arrosage, optimisation espace et entretien facile.','OFFER','Roubaix','published',NOW(),114,11,4.6, NOW()),
(114,'Entretien espace vert','entretien-espace-vert','Tonte, désherbage, plantation, taille légère et conseils pour jardin en bonne santé.','OFFER','Niort','published',NOW(),115,11,4.3, NOW()),
(115,'Conseil choix plantes','conseil-plantes','Sélection plantes adaptées à votre climat, exposition, entretien, arrosage et mise en pot.','REQUEST','Montauban','published',NOW(),116,11,4.7, NOW()),
(116,'Atelier compostage','atelier-compostage','Bases compost, choix matières, équilibre carbone/azote et astuces pour éviter odeurs.','OFFER','Vesoul','published',NOW(),117,11,4.5, NOW()),
(117,'Aide premiers semis','aide-semis','Semis faciles, rempotage, germination et entretien pour débutants du potager.','REQUEST','Cannes','published',NOW(),118,11,4.4, NOW()),
(118,'Création mini-jardin zen','mini-jardin-zen','Conception décorative, matériaux naturels, entretien minimaliste et harmonie visuelle.','OFFER','Vichy','published',NOW(),119,11,4.8, NOW()),
(119,'Cours français collège','cours-francais-college','Orthographe, expression écrite, règles de grammaire et accompagnement devoirs.','REQUEST','Massy','published',NOW(),120,12,4.5, NOW()),
(120,'Méthodologie révisions','methodologie-revisions','Organisation planning, techniques mémoire, gestion stress et efficacité apprentissage.','REQUEST','Clermont-Ferrand','published',NOW(),121,12,4.4, NOW()),
(121,'Cours histoire lycée','cours-histoire-lycee','Compréhension des chapitres, rédaction structurée, analyses de documents et exercices.','OFFER','Blois','published',NOW(),122,12,4.6, NOW()),
(122,'Aide rédaction mémoire','aide-redaction-memoire','Structure, plan détaillé, arguments et accompagnement rédaction pour mémoire d’étude.','REQUEST','Nevers','published',NOW(),123,12,NULL, NOW()),
(123,'Préparation oraux BAC','preparation-oraux-bac','Conseils posture, prise de parole, gestion stress et exemples de présentations efficaces.','OFFER','Laval','published',NOW(),124,12,4.7, NOW()),
(124,'Cours philosophie terminale','cours-philosophie-terminale','Analyse concepts, construction dissertation, compréhension textes et exercices guidés.','OFFER','Épinal','published',NOW(),125,12,4.4, NOW()),
(125,'Création affiches','creation-affiches','Conception d’affiches modernes, choix couleurs, typographies adaptées et composition harmonieuse.','OFFER','Reims','published',NOW(),126,7,4.6, NOW()),
(126,'Cours perspective','cours-perspective','Bases 1, 2 et 3 points, profondeur, volumes complexes et exercices pratiques.','OFFER','Auxerre','published',NOW(),127,7,4.7, NOW()),
(127,'Initiation BD','initiation-bd','Création personnages, narration visuelle, découpage cases et techniques d’encrage.','OFFER','Angoulême','published',NOW(),128,7,4.8, NOW()),
(128,'Atelier pastel sec','atelier-pastel','Dégradés, textures, couleurs et techniques pour portraits et paysages.','OFFER','Chalon-sur-Saône','published',NOW(),129,7,4.5, NOW()),
(129,'Cours sculpture bois','sculpture-bois','Manipulation outils, volumes simples, techniques débutants en création sculpture.','REQUEST','Ajaccio','published',NOW(),130,7,4.3, NOW()),
(130,'Création décorations murales','decorations-murales','DIY décorations, peintures, textures, compositions simples et modernes.','OFFER','Bayonne','published',NOW(),131,7,4.4, NOW()),
(131,'Coaching litiges assurés','coaching-litiges-assurances','Comprendre vos contrats, démarches litiges, rédaction déclarations et conseils adaptés.','REQUEST','Tours','published',NOW(),132,8,4.4, NOW()),
(132,'Conseils contrat de bail','conseils-bail','Aide lecture bail, obligations locataires/propriétaires et conseils avant signature.','OFFER','Lens','published',NOW(),133,8,4.5, NOW()),
(133,'Comprendre vos droits','comprendre-droits','Explication simple de notions juridiques complexes pour situations quotidiennes.','OFFER','Lille','published',NOW(),134,8,4.4, NOW()),
(134,'Aide rédaction réclamation','aide-redaction-reclamation','Rédaction claire, argumentation, structure et formulation efficace pour démarches officielles.','REQUEST','Nancy','published',NOW(),135,8,4.3, NOW()),
(135,'Conseil procédure simple','conseil-procedure-simple','Orientation vers démarches adaptées : litige, réclamation, contestation administrative.','OFFER','Pamiers','published',NOW(),136,8,4.6, NOW()),
(136,'Conseil droit conso','conseil-droit-consommation','Explication garanties, droits consommateur, démarches SAV et litiges marchands.','REQUEST','Bordeaux','published',NOW(),137,8,4.2, NOW()),
(137,'Coaching nutrition sport','nutrition-sport','Plan alimentaire simple pour progression sportive, conseils énergie et récupération.','OFFER','Nice','published',NOW(),138,6,4.7, NOW()),
(138,'Préparation course 10km','course-10km','Plan d’entraînement complet, techniques respiration, gestion rythme et motivation.','OFFER','Orléans','published',NOW(),139,6,4.9, NOW()),
(139,'Initiation renforcement','renforcement-musculaire','Exercices poids du corps, mobilité articulaire et routine personnalisée.','REQUEST','Vannes','published',NOW(),140,6,4.5, NOW()),
(140,'Séance stretching','seance-stretching','Étirements guidés pour réduire tensions, améliorer mobilité et posture.','OFFER','Besançon','published',NOW(),141,6,4.6, NOW()),
(141,'Coaching sport maison','sport-maison','Séances simples sans matériel, progression adaptée débutants et motivation continue.','REQUEST','Rodez','published',NOW(),142,6,4.3, NOW()),
(142,'Cours self-défense','self-defense','Techniques simples, réflexes, gestion situations stressantes et sécurité personnelle.','OFFER','Avignon','published',NOW(),143,6,4.8, NOW()),
(143,'Cours Java débutant','cours-java-debutant','Bases Java, variables, classes, objets, mini-projets simples pour débutants.','OFFER','Limoges','published',NOW(),144,4,4.6, NOW()),
(144,'Dépannage logiciel','depannage-logiciel','Installation, désinstallation, nettoyage système, résolution erreurs fréquentes.','OFFER','Tarbes','published',NOW(),145,4,4.3, NOW()),
(145,'Installation box Internet','installation-box','Connexion, configuration WiFi, optimisation couverture réseau et sécurité.','REQUEST','Metz','published',NOW(),146,4,4.2, NOW()),
(146,'Soutien dev web','soutien-web','HTML, CSS, JavaScript, exercices pratiques et correction projets débutants.','OFFER','Poitiers','published',NOW(),147,4,4.7, NOW()),
(147,'Création portfolio web','creation-portfolio','Mise en page, structure efficace, conseils présentation projets et design minimal.','OFFER','Draguignan','published',NOW(),148,4,4.6, NOW()),
(148,'Aide configuration imprimante','aide-imprimante','Connexion WiFi, pilotes, entretien simple et résolution problèmes.','REQUEST','Calais','published',NOW(),149,4,4.1, NOW()),
(149,'Préparation repas batch-cooking','batch-cooking','Organisation repas semaine, recettes simples, conservation et astuces gain temps.','OFFER','Sète','published',NOW(),150,2,4.6, NOW()),
(150,'Cours cuisine asiatique','cuisine-asiatique','Techniques wok, sauces maison, recettes japonaises, chinoises et coréennes faciles.','OFFER','Toulouse','published',NOW(),151,2,4.8, NOW()),
(151,'Atelier pâtes fraîches','atelier-pates','Fabrication pâtes maison, sauces associées et astuces cuisson parfaite.','OFFER','Dijon','published',NOW(),152,2,4.9, NOW()),
(152,'Cours cuisine vegan','cuisine-vegan','Recettes savoureuses, alternatives végétales, créations nutritives et accessibles.','REQUEST','Nancy','published',NOW(),153,2,4.4, NOW()),
(153,'Conseils menus équilibrés','menus-equilibres','Organisation repas variés, substitution ingrédients, astuces budget.','OFFER','Roubaix','published',NOW(),154,2,4.5, NOW()),
(154,'Cours pâtisserie enfants','patisserie-enfants','Ateliers ludiques, recettes simples et apprentissage sécurité cuisine.','OFFER','Montpellier','published',NOW(),155,2,4.7, NOW()),
(155,'Création newsletter','creation-newsletter','Rédaction, visuels, structure efficace et conseils croissance audience.','REQUEST','Bussy-Saint-Georges','published',NOW(),156,9,4.6, NOW()),
(156,'Montage vidéo basique','montage-video','Insertion médias, cuts, transitions simples, export propre.','OFFER','Saint-Quentin','published',NOW(),157,9,4.7, NOW()),
(157,'Cours Photoshop débutant','photoshop-debutant','Retouches simples, calques, masques, luminosité et réglages couleurs.','OFFER','Menton','published',NOW(),158,9,4.8, NOW()),
(158,'Création mini-site pro','minisite-pro','Landing page efficace, design responsive, structure claire.','OFFER','Mâcon','published',NOW(),159,9,4.4, NOW()),
(159,'Cours dessin digital','dessin-digital','Bases Procreate/Photoshop, sketching, encrage, couleurs et finitions.','OFFER','Argenteuil','published',NOW(),160,9,4.9, NOW()),
(160,'Montage audio simple','montage-audio','Nettoyage voix, fond musical, transitions propres, export podcast.','OFFER','Cannes','published',NOW(),161,9,4.6, NOW()),
(161,'Cours mathématiques 5e','maths-5e','Notions fondamentales, exercices progressifs, accompagnement devoirs.','REQUEST','Limoges','published',NOW(),162,12,4.4, NOW()),
(162,'Cours français BTS','francais-bts','Méthodologie écrits, compréhension textes, préparation oraux professionnels.','OFFER','Nice','published',NOW(),163,12,4.5, NOW()),
(163,'Aide dissertation','aide-dissertation','Plan, problématique, arguments, citations et méthode complète pour rédiger efficacement.','REQUEST','Guéret','published',NOW(),164,12,4.2, NOW()),
(164,'Cours histoire géo collège','hg-college','Chapitres expliqués simplement, cartes, analyses documents et révisions.','REQUEST','Alençon','published',NOW(),165,12,4.3, NOW()),
(165,'Aide révisions brevet','revisions-brevet','Planification révisions, exercices types, préparation oraux et conseils réussite.','OFFER','Rennes','published',NOW(),166,12,4.7, NOW()),
(166,'Méthodologie mémoire master','methodologie-memoire','Accompagnement complet : problématique, plan structuré, rédaction et arguments.','REQUEST','Tours','published',NOW(),167,12,4.6, NOW()),
(167,'Rédaction CV pro','cv-pro','Création CV moderne, lisible, adapté aux recruteurs et conseils entretien.','OFFER','Blois','published',NOW(),168,1,4.8, NOW()),
(168,'Aide démarches ANTS','aide-ants','Carte grise, permis, documents véhicule, étapes expliquées et accompagnées.','REQUEST','Bayonne','published',NOW(),169,1,4.5, NOW()),
(169,'Aide documents fiscaux','documents-fiscaux','Déclaration impôts, explication cases, documents nécessaires et transmission.','REQUEST','Nîmes','published',NOW(),170,1,4.4, NOW()),
(170,'Aide rédaction courriers','redaction-courriers','Lettre de contestation, résiliation, réclamation, rédaction claire et structurée.','OFFER','Rouen','published',NOW(),171,1,4.7, NOW()),
(171,'Optimisation documents pro','optimisation-documents-pro','Mise en forme, correction orthographe, structure, clarté et présentation professionnelle.','OFFER','Paris','published',NOW(),172,1,4.9, NOW()),
(172,'Assistance démarches mairie','demarches-mairie','Dossiers état civil, inscriptions scolaires, autorisations et informations essentielles.','REQUEST','Créteil','published',NOW(),173,1,4.1, NOW()),
(173,'Cours couture sacs','couture-sacs','Fabrication sacs simples, choix tissus, patronage, finitions propres et durables.','OFFER','Bourg-en-Bresse','published',NOW(),174,7,4.6, NOW()),
(174,'DIY accessoires déco','diy-deco','Création objets décoratifs simples, matériaux accessibles, techniques débutants.','OFFER','Lorient','published',NOW(),175,7,4.7, NOW()),
(175,'Atelier scrapbooking','scrapbooking','Composition pages, choix couleurs, intégration photos et embellissements créatifs.','OFFER','Caen','published',NOW(),176,7,4.5, NOW()),
(176,'Atelier création bijoux','creation-bijoux','Perles, fil, outils simples, fabrication bracelets et colliers personnalisés.','OFFER','Pamiers','published',NOW(),177,7,4.4, NOW()),
(177,'Art thérapie débutant','art-therapie','Créations simples pour exprimer émotions, détente et bien-être.','REQUEST','Cluses','published',NOW(),178,7,4.8, NOW()),
(178,'Cours peinture portrait','peinture-portrait','Techniques ombres, proportions, couleurs peau et rendus réalistes.','OFFER','Valence','published',NOW(),179,7,4.7, NOW()),
(179,'Soutien web seniors','web-seniors','Bases navigation Internet, sécurité, installation applications et messagerie.','REQUEST','Auch','published',NOW(),180,4,4.3, NOW()),
(180,'Initiation cybersécurité','cybersecurite','Mots de passe, phishing, bonnes pratiques, protection comptes et fichiers.','OFFER','Tours','published',NOW(),181,4,4.9, NOW()),
(181,'Optimisation PC lent','pc-lent','Nettoyage complet, désinstallation logiciels inutiles, suppression virus et optimisation.','OFFER','Nanterre','published',NOW(),182,4,4.5, NOW()),
(182,'Aide configuration smartphone','config-smartphone','Paramétrages Android/iOS, sauvegardes, applications utiles, sécurité.','REQUEST','Évreux','published',NOW(),183,4,4.2, NOW()),
(183,'Cours bureautique','bureautique','Word, Excel, PowerPoint débutants avec exercices progressifs.','OFFER','Reims','published',NOW(),184,4,4.6, NOW()),
(184,'Aide installation logiciels','installation-logiciels','Suite Office, antivirus, utilitaires divers, configuration optimale.','OFFER','Dax','published',NOW(),185,4,4.4, NOW()),
(185,'Cours cuisine indienne','cuisine-indienne','Épices, currys, naans, techniques mijotées et recettes savoureuses.','OFFER','Colmar','published',NOW(),186,2,4.9, NOW()),
(186,'Atelier desserts fruits','desserts-fruits','Tartes, compotes, mousses, variations autour des fruits de saison.','OFFER','Troyes','published',NOW(),187,2,4.6, NOW()),
(187,'Cuisine express saine','cuisine-express','Recettes rapides, équilibrées, faciles à préparer en semaine.','REQUEST','Toulon','published',NOW(),188,2,4.3, NOW()),
(188,'Cours tapas','cours-tapas','Tapas espagnoles authentiques, sauces et présentations conviviales.','OFFER','Biarritz','published',NOW(),189,2,4.8, NOW()),
(189,'Atelier chocolat','atelier-chocolat','Tempérage, ganaches, moulages, fabrication chocolats maison.','OFFER','Metz','published',NOW(),190,2,4.7, NOW()),
(190,'Cours cuisine familiale','cuisine-familiale','Plats simples, généreux, organisation repas à petit budget.','OFFER','Alençon','published',NOW(),191,2,4.4, NOW()),
(191,'Cours peinture ZBrush débutant','zbrush-debutant','Initiation sculpture numérique, outils essentiels, volumes simples, rendus.','OFFER','Saintes','published',NOW(),192,7,4.6, NOW()),
(192,'Atelier stop-motion','atelier-stop-motion','Création film animé, prises de vue, montage, effets simples.','OFFER','Mâcon','published',NOW(),193,7,4.7, NOW()),
(193,'Cours Lightroom','cours-lightroom','Retouche photo complète : lumière, couleurs, cadrage et export.','OFFER','Vitré','published',NOW(),194,7,4.8, NOW()),
(194,'Coaching artistique','coaching-artistique','Développement style personnel, conseils techniques, suivi créatif personnalisé.','REQUEST','Lens','published',NOW(),195,7,4.5, NOW()),
(195,'Cours sculpture numérique','sculpture-numerique','Bases Blender, volumes, textures, sculpture intuitive et rendus.','OFFER','Reims','published',NOW(),196,7,4.8, NOW()),
(196,'Initiation typographie','initiation-typographie','Bases lettrage, composition, équilibre visuel et styles créatifs.','OFFER','Lyon','published',NOW(),197,7,4.7, NOW()),
(197,'Coaching carrière','coaching-carriere','Orientation professionnelle, CV, lettre, entretiens simulés et plan d’évolution.','OFFER','Paris','published',NOW(),198,1,4.9, NOW()),
(198,'Organisation maison','organisation-maison','Méthodes rangement, tri efficace, optimisation espace et routines simples.','REQUEST','Colomiers','published',NOW(),199,1,4.6, NOW()),
(199,'Aide démarches université','demarches-universite','Dossiers inscription, bourses, logement étudiant et documents administratifs.','REQUEST','Toulouse','published',NOW(),200,1,4.4, NOW()),
(200,'Conseil courrier officiel','conseil-courrier-officiel','Rédaction correcte, formules administratives et argumentation claire.','OFFER','Dijon','published',NOW(),201,1,4.7, NOW()),
(201,'Cours natation débutant','cours-natation-debutant-belfort','Apprentissage crawl, respiration, aisance dans l’eau et techniques simples pour débutants.','OFFER','Belfort','published',NOW(),202,6,4.3, NOW()),
(202,'Cours physique lycée','cours-physique-lycee-ajaccio','Explications claires, exercices types BAC et méthodologie pour mieux comprendre les notions.','OFFER','Ajaccio','published',NOW(),203,12,4.4, NOW()),
(203,'Installation TV murale','installation-tv-murale-chartres','Pose murale propre, gestion câbles, réglages image et optimisation installation.','OFFER','Chartres','published',NOW(),204,5,4.8, NOW()),
(204,'Aide déménagement simple','aide-demenagement-simple','Aide manutention, chargement, organisation cartons et déplacements courts.','REQUEST','Tours','published',NOW(),205,1,4.2, NOW()),
(205,'Cours mandarin débutant','cours-mandarin-debutant','Bases du mandarin : prononciation, salutations, vocabulaire essentiel et premières phrases.','OFFER','Reims','published',NOW(),206,3,4.5, NOW()),
(206,'Réparation vélo enfant','reparation-velo-enfant','Réglages freins, gonflage, petites pièces et conseils entretien pour vélos enfants.','OFFER','Bondy','published',NOW(),207,5,4.3, NOW()),
(207,'Cours de danse contemporaine','cours-danse-contemporaine','Enchaînements simples, expression corporelle, travail au sol et rythme.','OFFER','Lens','published',NOW(),208,6,4.8, NOW()),
(208,'Cuisine italienne maison','cuisine-italienne-maison','Pâtes fraîches, sauces traditionnelles, tiramisu et astuces cuisine italienne authentique.','OFFER','Vaison-la-Romaine','published',NOW(),209,2,4.9, NOW()),
(209,'Cours portugais débutant','cours-portugais-debutant','Bases grammaire, prononciation, vocabulaire utile et conversation simple.','OFFER','Muret','published',NOW(),210,3,4.6, NOW()),
(210,'Coaching rangement cuisine','coaching-rangement-cuisine','Optimisation espace cuisine, organisation placards, tri efficace et ergonomie.','REQUEST','Redon','published',NOW(),211,1,4.3, NOW()),
(211,'Cours bracelets macramé','bracelets-macrame','Techniques de base du macramé, création bracelets simples et motifs décoratifs.','OFFER','Sète','published',NOW(),212,7,4.7, NOW()),
(212,'Réparation PC portable','reparation-pc-portable','Changement SSD/RAM, nettoyage système, optimisations et mise à jour logiciels.','OFFER','Apt','published',NOW(),213,4,4.4, NOW()),
(213,'Cours méditation pleine conscience','meditation-pleine-conscience','Respiration, gestion émotions, exercices d’attention et apaisement mental.','OFFER','Lamballe','published',NOW(),214,10,4.9, NOW()),
(214,'Aide création association','aide-creation-association','Statuts, déclaration préfecture, organisation AG et conseils administration.','REQUEST','Bayeux','published',NOW(),215,1,4.7, NOW()),
(215,'Montage audio débutant','montage-audio-debutant','Découverte Audacity, mixage simple, transitions, nettoyage bruit et export.','OFFER','Suresnes','published',NOW(),216,9,4.3, NOW()),
(216,'Réparation mobilier bois','reparation-mobilier-bois','Ponçage, collage, renforts et restauration légère de meubles anciens.','OFFER','Saint-Germain-en-Laye','published',NOW(),217,5,4.7, NOW()),
(217,'Cours de couture enfants','couture-enfants-debutant','Petits projets textiles amusants, utilisation sécurité ciseaux et machine.','OFFER','Béthune','published',NOW(),218,7,4.8, NOW()),
(218,'Déclaration impôts aide','aide-impots','Explication cases, documents à préparer, astuces et vérifications essentielles.','REQUEST','Lens','published',NOW(),219,1,4.4, NOW()),
(219,'Cours initiation piano','initiation-piano','Lecture notes, exercices main droite/gauche et premiers morceaux simples.','OFFER','Arras','published',NOW(),220,12,4.6, NOW()),
(220,'Cours montage Linux','montage-linux','Installation distribution, partitions, commandes terminales de base.','OFFER','Dieppe','published',NOW(),221,4,NULL, NOW()),
(221,'Conseils tri dressing','tri-dressing','Méthode simple, tri efficace, rangement durable et choix vêtements essentiels.','REQUEST','Vitry-sur-Seine','published',NOW(),222,1,4.5, NOW()),
(222,'Cours langue des signes LSF','cours-lsf','Alphabet LSF, gestes de base, mini-conversations et mises en situation.','OFFER','Montrouge','published',NOW(),223,3,4.9, NOW()),
(223,'Réparation machine à coudre','reparation-machine-coudre','Réglages tension, nettoyage, petites réparations et entretien préventif.','OFFER','Athis-Mons','published',NOW(),224,5,4.1, NOW()),
(224,'Atelier écriture poétique','ecriture-poetique','Techniques poétiques, images, métaphores, rythmes et création de textes personnels.','OFFER','Bagneux','published',NOW(),225,7,4.8, NOW()),
(225,'Cours jardinage débutant','cours-jardinage','Entretien plantes, outils essentiels, techniques d’arrosage et astuces potager.','OFFER','Cachan','published',NOW(),226,11,NULL, NOW()),
(226,'Cours Stop-motion débutant','stop-motion-debutant','Création film court avec figurines, applications simples et montage.','OFFER','Périgueux','published',NOW(),227,7,4.7, NOW()),
(227,'Aide rédaction CV anglais','cv-anglais','Adaptation CV en anglais, vocabulaire professionnel et structure internationale.','REQUEST','Houilles','published',NOW(),228,1,4.5, NOW()),
(228,'Cours illustration','cours-illustration','Techniques papier et digital, composition, ligne, couleurs et progression créative.','OFFER','Fresnes','published',NOW(),229,7,4.9, NOW()),
(229,'Coaching budget','coaching-budget-charleville','Méthodes budget simple, suivi dépenses, objectifs et optimisation ressources.','REQUEST','Charleville-Mézières','published',NOW(),230,1,4.6, NOW()),
(230,'Réparation petits objets métal','reparation-metal','Soudure légère, ajustements simples, conseils entretien objets métal.','OFFER','Vallauris','published',NOW(),231,5,4.2, NOW()),
(231,'Cours écriture créative','ecriture-creative','Développement style, exercices imaginatifs, structure récit et créativité.','OFFER','Taverny','published',NOW(),232,7,4.8, NOW()),
(232,'Cours basse débutant','basse-debutant','Techniques doigts, rythme, premiers riffs et compréhension groove.','OFFER','Gonesse','published',NOW(),233,12,NULL, NOW()),
(233,'Cours économie lycée','economie-lycee','Notions SES, compréhension chapitres, graphiques et préparation contrôles.','REQUEST','Châlons-en-Champagne','published',NOW(),234,12,4.5, NOW()),
(234,'Cours maquillage débutant','maquillage-debutant','Bases maquillage teint, sourcils, yeux, matériel adapté débutants.','OFFER','Annemasse','published',NOW(),235,10,4.7, NOW()),
(235,'Aide aménagement jardin','amenagement-jardin','Organisation espace, choix plantes, optimisation soleil/ombre et esthétique.','REQUEST','Bastia','published',NOW(),236,11,4.3, NOW()),
(236,'Cours Photoshop débutant','photoshop-basique','Retouches simples, calques, outils essentiels et exercices pratiques.','REQUEST','Menton','published',NOW(),237,9,NULL, NOW()),
(237,'Atelier bougies parfumées','bougies-parfumees','Fabrication bougies parfumées maison, choix parfums, couleurs et moules.','OFFER','Romans-sur-Isère','published',NOW(),238,7,4.8, NOW()),
(238,'Cours origami débutant','origami-debutant','Figures simples, plis de base, animaux et décorations.','OFFER','Orange','published',NOW(),239,7,4.4, NOW()),
(239,'Coaching prise de confiance','prise-de-confiance','Posture, diction, respiration et exercices pour gagner en assurance.','REQUEST','Armentières','published',NOW(),240,10,4.7, NOW()),
(240,'Cours Access débutant','access-debutant','Bases Access : tables, relations, requêtes et formulaires simples.','OFFER','Bagneux','published',NOW(),241,4,4.2, NOW()),
(241,'Réparation montres simple','reparation-montres','Changement pile, réglages aiguille, entretien montre mécanique simple.','OFFER','Sevran','published',NOW(),242,5,NULL, NOW()),
(242,'Atelier création savons','creation-savons','Recettes saponification à froid, ingrédients naturels et moulages décoratifs.','OFFER','Alès','published',NOW(),243,2,4.8, NOW()),
(243,'Initiation à la pêche','initiation-peche','Types de cannes, appâts, techniques lancer et règles de sécurité.','OFFER','Vichy','published',NOW(),244,6,4.6, NOW()),
(244,'Cours œnologie débutant','oenologie','Découverte vin, arômes, dégustation, accords mets et vins simples.','OFFER','Gaillac','published',NOW(),245,2,4.9, NOW()),
(245,'Conseil décoration intérieure','decoration-interieure','Aide choix couleurs, matériaux, aménagement espace et harmonie visuelle.','REQUEST','Pamiers','published',NOW(),246,1,4.7, NOW()),
(246,'Cours After Effects','after-effects','Bases animation vidéo, keyframes, transitions et compositions simples.','OFFER','Sarlat','published',NOW(),247,9,4.5, NOW()),
(247,'Réparation PC Linux','reparation-linux','Dépannage distributions, drivers, erreurs boot et configuration système.','OFFER','Millau','published',NOW(),248,4,4.4, NOW()),
(248,'Méthodologie dissertation','methodologie-dissertation','Construction plan, problématique, exemples, citations et structuration.','REQUEST','Guéret','published',NOW(),249,12,NULL, NOW()),
(249,'Cours pâtisserie festive','patisserie-festive','Entremets, glaçages brillants, décorations élégantes et techniques pro accessibles.','OFFER','Dax','published',NOW(),250,2,4.9, NOW()),
(250,'Fabrication terrarium','fabrication-terrarium-aurillac','Création mini-jardin, choix plantes, dispositions décoratives et entretien.','OFFER','Aurillac','published',NOW(),251,11,4.7, NOW()),
(251,'Cours Blender 3D','cours-blender','Modélisation simple, matériaux, éclairage et rendu débutant.','OFFER','Tarbes','published',NOW(),252,7,4.8, NOW()),
(252,'Prise de parole public','prise-parole-public','Gestion stress, posture, exercices voix et structure discours efficace.','REQUEST','Châteauroux','published',NOW(),253,10,4.4, NOW()),
(253,'Cours couture sacs','couture-sacs-mende','Fabrication sacs, doublures, couture solide et finitions parfaites.','OFFER','Mende','published',NOW(),254,7,NULL, NOW()),
(254,'Apprentissage Word','apprentissage-word','Mise en page, styles, tableaux, outils essentiels et astuces efficacité.','REQUEST','Issoire','published',NOW(),255,4,4.3, NOW()),
(255,'Cours photo portrait','photo-portrait-sisteron','Composition, mise au point, lumière naturelle et poses portrait.','OFFER','Sisteron','published',NOW(),256,7,4.8, NOW()),
(256,'Réparation meubles anciens','meubles-anciens','Restauration légère, nettoyage bois, petits travaux structurels.','OFFER','Tulle','published',NOW(),257,5,4.5, NOW()),
(257,'Jardinage permaculture','jardinage-permaculture','Création potager durable, gestion eau, rotations, sols vivants.','OFFER','Foix','published',NOW(),258,11,4.7, NOW()),
(258,'Confiance en communication','communication-confiance','Écoute active, assertivité, exercices pratiques et mises en situation.','REQUEST','Brive-la-Gaillarde','published',NOW(),259,10,NULL, NOW()),
(259,'Cours couture enfants','couture-enfants-mende-fr','Ateliers adaptés 8-12 ans, projets simples et sécurité machine.','OFFER','Mende','published',NOW(),260,7,4.6, NOW()),
(260,'Aide remise en forme','aide-remise-forme','Programme progressif, exercices doux, renforcement, cardio léger et motivation.','REQUEST','Vire','published',NOW(),261,6,4.5, NOW()),
(261,'Massage bien-être','massage-bien-etre-lodeve','Techniques de relaxation, respiration, détente musculaire et bien-être global.','OFFER','Lodève','published',NOW(),262,10,4.8, NOW()),
(262,'Atelier aquarelle','atelier-aquarelle-redon','Techniques eau, dégradés, textures, paysages et exercices progressifs.','OFFER','Redon','published',NOW(),263,7,NULL, NOW()),
(263,'Montage photos simple','montage-photos','Collages créatifs, retouches basiques, compositions simples et exports.','OFFER','Laon','published',NOW(),264,9,4.3, NOW()),
(264,'Rangement numérique','rangement-numerique','Gestion fichiers, tri dossiers, sauvegardes, bonnes pratiques organisation digitale.','REQUEST','Hyères','published',NOW(),265,4,4.4, NOW()),
(265,'Cours JavaScript','cours-javascript','Variables, fonctions, manipulations DOM et petits projets pratiques.','OFFER','Marmande','published',NOW(),266,4,4.9, NOW()),
(266,'Cours retouches couture','retouches-couture','Ourlets, ajustements, boutons, réparations textiles simples.','OFFER','Chinon','published',NOW(),267,7,4.6, NOW()),
(267,'Atelier manga dessin','atelier-manga','Bases style manga, proportions, expressions et encrage.','OFFER','Allauch','published',NOW(),268,7,4.8, NOW()),
(268,'Confiance ado','confiance-ado','Aide posture, parole, gestion émotions et préparation situations scolaires.','REQUEST','Thonon-les-Bains','published',NOW(),269,10,NULL, NOW()),
(269,'Cours photo paysage','photo-paysage','Lumière, cadrage, composition, longue exposition et réglages essentiels.','OFFER','Pontivy','published',NOW(),270,7,4.7, NOW()),
(270,'Soudure ferronnerie légère','ferronnerie-legere','Bases soudure, petits joints, conseils sécurité et entretien outils.','OFFER','Langres','published',NOW(),271,5,4.2, NOW()),
(271,'Cuisine italienne débutant','italienne-debutant','Pâtes, antipasti, sauces authentiques et astuces cuisson.','OFFER','Vaison-la-Romaine','published',NOW(),272,2,4.9, NOW()),
(272,'Parenting douceur','parentalite-douce','Communication bienveillante, routines positives et gestion émotions enfant.','REQUEST','Briançon','published',NOW(),273,10,NULL, NOW()),
(273,'Chant moderne','chant-moderne','Techniques voix pop, respiration, justesse, interprétation et exercices personnalisés.','OFFER','Lourdes','published',NOW(),274,7,4.8, NOW()),
(274,'CV design moderne','cv-design','Création CV visuel, couleurs cohérentes, structure claire et professionnelle.','REQUEST','Saint-Flour','published',NOW(),275,1,4.5, NOW()),
(275,'Atelier light painting','light-painting','Technique photo avec lumières, poses longues et créations lumineuses artistiques.','OFFER','Carcassonne','published',NOW(),276,7,4.7, NOW()),
(276,'Réparation PC gaming','pc-gaming','Optimisation performances, nettoyage, remplacement pièces et diagnostics.','OFFER','Bagnols-sur-Cèze','published',NOW(),277,4,NULL, NOW()),
(277,'Création logos débutants','creation-logos','Bases composition, couleurs, symbolique et logiciels simples pour logos pro.','OFFER','Vernon','published',NOW(),278,9,4.9, NOW()),
(278,'Prise de parole confiance','parole-confiance','Techniques respiration, ancrage, exercices voix et messages clairs.','REQUEST','Morcenx','published',NOW(),279,10,4.6, NOW()),
(279,'Atelier céramique','atelier-ceramique','Modelage argile, façonnage, décoration et techniques cuisson simples.','OFFER','Cahors','published',NOW(),280,7,4.8, NOW()),
(280,'Cours portugais enfants','portugais-enfants','Jeux, vocabulaire simple et phrases courtes pour enfants niveau débutant.','OFFER','Muret','published',NOW(),281,3,NULL, NOW()),
(281,'Aide installation PC','installation-pc','Mise en service matériel, installation logiciels essentiels et configuration sécurité.','REQUEST','Sarlat','published',NOW(),282,4,4.4, NOW()),
(282,'Photographie nuit','photo-nuit-auray','Longue exposition, gestion lumière faible, ISO, trépied et composition nocturne.','OFFER','Auray','published',NOW(),283,7,4.7, NOW()),
(283,'Bougies décoratives','bougies-decoratives','Création bougies décoratives colorées, parfums naturels et techniques moulage.','OFFER','Thiers','published',NOW(),284,7,4.6, NOW()),
(284,'Cours Java débutant intensif','java-debutant-intensif','Variables, classes, boucles, mini-projets avec accompagnement.','OFFER','Villefranche','published',NOW(),285,4,4.8, NOW()),
(285,'Gestion cuisine maison','gestion-cuisine','Organisation placards, astuces anti-gaspillage, batch cooking facile.','REQUEST','Redon','published',NOW(),286,1,NULL, NOW()),
(286,'Cours macramé enfants','macrame-enfants','Ateliers créatifs simples adaptés enfants, couleurs et nœuds faciles.','OFFER','Sète','published',NOW(),287,7,4.7, NOW()),
(287,'Dépannage PC portable avancé','depannage-pc-portable-avance','Résolution erreurs système complexes, optimisation complète et sécurité.','OFFER','Apt','published',NOW(),288,4,4.4, NOW()),
(288,'Méditation relaxation','meditation-relaxation','Séance guidée relaxation profonde, respiration et détente mentale.','OFFER','Lamballe','published',NOW(),289,10,4.9, NOW()),
(289,'Préparation association','preparation-association','Aide création et gestion association, documents, obligations et organisation AG.','REQUEST','Bayeux','published',NOW(),290,1,4.7, NOW()),
(290,'Montage son débutant','montage-son','Mixage simple voix/musique, suppression bruit et export formats.','OFFER','Suresnes','published',NOW(),291,9,4.3, NOW()),
(291,'Rénovation bois simple','renovation-bois','Ponçage, vernis, réparations légères meubles et conseils entretien.','OFFER','Saint-Germain-en-Laye','published',NOW(),292,5,4.7, NOW()),
(292,'Couture création enfants','couture-creation-enfants','Création petits accessoires textiles adaptés aux enfants, tissus simples.','OFFER','Béthune','published',NOW(),293,7,4.8, NOW()),
(293,'Cours fiscalité base','fiscalite-base','Comprendre impôts, barèmes, crédits d’impôts et déclarations simples.','REQUEST','Lens','published',NOW(),294,1,4.4, NOW()),
(294,'Cours piano pop','piano-pop','Accords pop, rythmes simples, accompagnement chant et morceaux rapides.','OFFER','Arras','published',NOW(),295,12,4.8, NOW()),
(295,'Initiation aquarelle enfants','aquarelle-enfants','Apprentissage couleurs, eau, pinceaux et petites œuvres ludiques.','OFFER','Redon','published',NOW(),296,7,4.6, NOW()),
(296,'Cours HTML/CSS débutant','html-css-debutant','Structure HTML, styles CSS, mini-site web responsive et exercices guidés.','OFFER','Nice','published',NOW(),297,4,4.9, NOW()),
(297,'Montage TV fixation','montage-tv-fixation','Pose murale TV sécurisée, orientation, câblage et tests audio/vidéo.','OFFER','Chartres','published',NOW(),298,5,4.8, NOW()),
(298,'Cours espagnol conversation','espagnol-conversation','Discussions guidées, vocabulaire utile, corrections et fluence orale.','OFFER','Rueil-Malmaison','published',NOW(),299,3,4.5, NOW()),
(299,'Rédaction lettres pro','lettres-pro','Courriers professionnels clairs, structure efficace et ton adapté.','REQUEST','Meaux','published',NOW(),300,1,4.4, NOW()),
(300,'Cours marketing digital débutant','marketing-digital-debutant','Bases SEO, réseaux sociaux, site vitrine, outils analytics et exercices pratiques.','OFFER','Fréjus','published',NOW(),301,9,4.8, NOW());
-- Réassignation automatique des auteurs
UPDATE listing
SET author_id = ((id - 1) % 60) + 1;


-- ============================================================
-- TABLE: exchange (40 échanges simulés)
-- ============================================================
TRUNCATE TABLE exchange;

INSERT INTO exchange (id, listing_id, requester_id, recipient_id, status, created_at, updated_at) VALUES
(1, 5, 2, 8, 'en_attente', '2025-01-10 09:00:00', NULL),
(2, 12, 4, 9, 'accepte', '2025-01-12 10:20:00', NULL),
(3, 18, 9, 14, 'termine', '2025-01-14 14:10:00', NULL),
(4, 22, 6, 11, 'refuse', '2025-01-15 08:35:00', NULL),
(5, 27, 3, 7, 'en_attente', '2025-01-16 11:00:00', NULL),
(6, 31, 8, 15, 'accepte', '2025-01-17 13:45:00', NULL),
(7, 36, 10, 4, 'termine', '2025-01-18 15:20:00', NULL),
(8, 41, 5, 12, 'refuse', '2025-01-19 09:40:00', NULL),
(9, 47, 7, 2, 'accepte', '2025-01-19 16:10:00', NULL),
(10, 52, 11, 3, 'termine', '2025-01-20 10:50:00', NULL),
(11, 59, 14, 6, 'en_attente', '2025-01-21 08:20:00', NULL),
(12, 63, 15, 8, 'termine', '2025-01-21 09:30:00', NULL),
(13, 70, 1, 13, 'refuse', '2025-01-22 14:55:00', NULL),
(14, 74, 2, 5, 'accepte', '2025-01-23 16:00:00', NULL),
(15, 81, 3, 10, 'termine', '2025-01-23 17:25:00', NULL),
(16, 90, 4, 7, 'annule', '2025-01-24 11:40:00', NULL),
(17, 93, 6, 9, 'en_attente', '2025-01-25 13:00:00', NULL),
(18, 102, 8, 11, 'termine', '2025-01-25 15:40:00', NULL),
(19, 111, 10, 14, 'en_attente', '2025-01-26 09:50:00', NULL),
(20, 118, 12, 3, 'refuse', '2025-01-26 11:10:00', NULL),
(21, 125, 14, 9, 'accepte', '2025-01-27 10:10:00', NULL),
(22, 132, 5, 15, 'termine', '2025-01-27 11:30:00', NULL),
(23, 140, 7, 4, 'refuse', '2025-01-27 12:40:00', NULL),
(24, 147, 9, 12, 'accepte', '2025-01-28 13:50:00', NULL),
(25, 151, 11, 2, 'termine', '2025-01-28 15:00:00', NULL),
(26, 159, 13, 6, 'en_attente', '2025-01-29 16:20:00', NULL),
(27, 164, 15, 8, 'accepte', '2025-01-29 17:50:00', NULL),
(28, 169, 4, 10, 'refuse', '2025-01-30 08:30:00', NULL),
(29, 175, 6, 14, 'termine', '2025-01-30 09:45:00', NULL),
(30, 182, 8, 11, 'en_attente', '2025-01-30 11:00:00', NULL),
(31, 188, 9, 3, 'accepte', '2025-01-31 14:20:00', NULL),
(32, 194, 3, 5, 'termine', '2025-01-31 15:40:00', NULL),
(33, 200, 12, 9, 'en_attente', '2025-02-01 10:10:00', NULL),
(34, 205, 1, 14, 'termine', '2025-02-01 11:35:00', NULL),
(35, 211, 7, 10, 'accepte', '2025-02-01 12:50:00', NULL),
(36, 217, 10, 4, 'refuse', '2025-02-02 09:20:00', NULL),
(37, 223, 14, 6, 'termine', '2025-02-02 10:40:00', NULL),
(38, 228, 6, 12, 'en_attente', '2025-02-02 12:00:00', NULL),
(39, 233, 5, 3, 'accepte', '2025-02-03 08:15:00', NULL),
(40, 238, 8, 15, 'termine', '2025-02-03 09:25:00', NULL),
(41, 243, 9, 4, 'en_attente', '2025-02-03 10:35:00', NULL),
(42, 248, 11, 2, 'accepte', '2025-02-03 11:45:00', NULL),
(43, 252, 13, 6, 'refuse', '2025-02-04 09:10:00', NULL),
(44, 257, 14, 8, 'termine', '2025-02-04 10:20:00', NULL),
(45, 260, 3, 12, 'accepte', '2025-02-04 11:30:00', NULL),
(46, 265, 5, 9, 'en_attente', '2025-02-04 12:40:00', NULL),
(47, 269, 10, 7, 'termine', '2025-02-05 13:50:00', NULL),
(48, 273, 12, 10, 'accepte', '2025-02-05 15:00:00', NULL),
(49, 276, 4, 13, 'en_attente', '2025-02-05 16:10:00', NULL),
(50, 280, 6, 2, 'refuse', '2025-02-06 09:05:00', NULL),
(51, 284, 8, 5, 'termine', '2025-02-06 10:15:00', NULL),
(52, 287, 11, 14, 'accepte', '2025-02-06 11:35:00', NULL),
(53, 290, 13, 3, 'en_attente', '2025-02-07 12:45:00', NULL),
(54, 294, 15, 9, 'termine', '2025-02-07 13:55:00', NULL),
(55, 297, 2, 11, 'refuse', '2025-02-07 15:20:00', NULL),
(56, 300, 4, 6, 'accepte', '2025-02-08 08:20:00', NULL),
(57, 17, 6, 15, 'en_attente', '2025-02-08 10:00:00', NULL),
(58, 29, 7, 11, 'termine', '2025-02-08 11:10:00', NULL),
(59, 45, 12, 8, 'accepte', '2025-02-08 12:25:00', NULL),
(60, 62, 8, 4, 'annule', '2025-02-08 13:40:00', NULL),
(61, 71, 3, 15, 'termine', '2025-02-09 09:00:00', NULL),
(62, 83, 4, 12, 'en_attente', '2025-02-09 10:10:00', NULL),
(63, 99, 7, 9, 'accepte', '2025-02-09 11:20:00', NULL),
(64, 116, 9, 1, 'termine', '2025-02-09 12:30:00', NULL),
(65, 134, 10, 6, 'en_attente', '2025-02-10 13:40:00', NULL),
(66, 150, 12, 5, 'accepte', '2025-02-10 14:50:00', NULL),
(67, 167, 13, 4, 'refuse', '2025-02-10 16:00:00', NULL),
(68, 181, 14, 7, 'termine', '2025-02-11 08:20:00', NULL),
(69, 195, 15, 12, 'accepte', '2025-02-11 09:30:00', NULL),
(70, 208, 4, 10, 'en_attente', '2025-02-11 10:40:00', NULL),
(71, 219, 6, 3, 'termine', '2025-02-11 11:50:00', NULL),
(72, 233, 8, 14, 'en_attente', '2025-02-11 13:00:00', NULL),
(73, 247, 9, 6, 'accepte', '2025-02-12 09:10:00', NULL),
(74, 259, 10, 8, 'termine', '2025-02-12 10:20:00', NULL),
(75, 271, 12, 5, 'refuse', '2025-02-12 11:30:00', NULL),
(76, 288, 14, 9, 'termine', '2025-02-12 12:40:00', NULL),
(77, 299, 15, 3, 'accepte', '2025-02-13 13:50:00', NULL),
(78, 45, 3, 2, 'en_attente', '2025-02-13 15:00:00', NULL),
(79, 127, 4, 7, 'termine', '2025-02-13 16:10:00', NULL),
(80, 244, 9, 11, 'annule', '2025-02-14 09:20:00', NULL);



-- ============================================================
-- TABLE: review (120 avis, 5 % de listings sans note)
-- ============================================================
TRUNCATE TABLE review;

INSERT INTO review (id, author_id, target_id, exchange_id, listing_id, rating, comment, created_at) VALUES
(1, 3, 2, 1, 1, 5, 'Service impeccable et très réactif.', '2025-01-10 09:30:00'),
(2, 5, 3, 2, 2, 4, 'Cours très agréables et pédagogiques.', '2025-01-12 11:00:00'),
(3, 6, 4, 3, 3, 5, 'Très bonne communication et bons résultats.', '2025-01-14 14:45:00'),
(4, 7, 5, 4, 4, 5, 'Réparation rapide et efficace, je recommande.', '2025-01-15 09:10:00'),
(5, 8, 6, 5, 5, 4, 'Travail soigné et ponctuel.', '2025-01-16 11:40:00'),
(6, 9, 7, 6, 6, 5, 'Séances de yoga relaxantes et très pros.', '2025-01-17 13:00:00'),
(7, 10, 8, 7, 7, 4, 'Très bon contact humain et résultats rapides.', '2025-01-18 15:40:00'),
(8, 11, 9, 8, 8, 5, 'Conseils juridiques clairs et efficaces.', '2025-01-19 10:10:00'),
(9, 12, 10, 9, 9, 5, 'Super stratégie marketing, bons retours.', '2025-01-19 17:00:00'),
(10, 13, 11, 10, 10, 4, 'Massage agréable, ambiance zen.', '2025-01-20 11:20:00'),
(11, 14, 12, 11, 11, 5, 'Cours de dessin passionnants et structurés.', '2025-01-21 08:40:00'),
(12, 15, 13, 12, 12, 4, 'Très bon pédagogue, on progresse vite.', '2025-01-21 10:10:00'),
(13, 4, 14, 13, 13, 5, 'Excellent travail, rien à dire.', '2025-01-22 15:10:00'),
(14, 5, 15, 14, 14, 4, 'Bonne communication et ponctualité.', '2025-01-23 09:10:00'),
(15, 6, 2, 15, 15, 5, 'Très professionnel et sympathique.', '2025-01-23 17:40:00'),
(16, 7, 3, 16, 16, 4, 'Bonne écoute, prestation correcte.', '2025-01-24 14:15:00'),
(17, 8, 4, 17, 17, 5, 'Très bon accompagnement, je recommande.', '2025-01-24 16:30:00'),
(18, 9, 5, 18, 18, 5, 'Excellent échange, très fluide.', '2025-01-25 09:50:00'),
(19, 10, 6, 19, 19, 5, 'Toujours aussi agréable et efficace.', '2025-01-25 11:30:00'),
(20, 11, 7, 20, 20, 4, 'Bon contact, travail sérieux.', '2025-01-25 14:20:00'),
(21, 12, 8, 21, 21, 4, 'Cours bien expliqués et complets.', '2025-01-26 10:10:00'),
(22, 13, 9, 22, 22, 5, 'Grande disponibilité et gentillesse.', '2025-01-26 11:00:00'),
(23, 14, 10, 23, 23, 4, 'Dépannage parfait et rapide.', '2025-01-26 12:40:00'),
(24, 15, 11, 24, 24, 5, 'Rien à redire, travail impeccable.', '2025-01-26 15:00:00'),
(25, 2, 12, 25, 25, 5, 'Un vrai plaisir de collaborer.', '2025-01-27 09:40:00'),
(26, 3, 13, 26, 26, 5, 'Formation claire et motivante.', '2025-01-27 10:20:00'),
(27, 4, 14, 27, 27, 4, 'Bonne prestation dans l’ensemble.', '2025-01-27 11:50:00'),
(28, 5, 15, 28, 28, 5, 'Très professionnel et à l’écoute.', '2025-01-27 13:10:00'),
(29, 6, 2, 29, 29, 5, 'Résultat parfait, rapide et propre.', '2025-01-27 14:40:00'),
(30, 7, 3, 30, 30, 5, 'Très disponible et efficace.', '2025-01-27 16:00:00'),
(31, 8, 4, 31, 31, 4, 'Cours agréables et bien préparés.', '2025-01-28 09:20:00'),
(32, 9, 5, 32, 32, 4, 'Je recommande sans hésiter.', '2025-01-28 09:55:00'),
(33, 10, 6, 33, 33, 5, 'Excellent suivi et conseils.', '2025-01-28 10:30:00'),
(34, 11, 7, 34, 34, 5, 'Très bonne communication.', '2025-01-28 14:10:00'),
(35, 12, 8, 35, 35, 4, 'Très réactif et compétent.', '2025-01-28 15:30:00'),
(36, 13, 9, 36, 36, 5, 'Belle qualité de prestation.', '2025-01-28 16:00:00'),
(37, 14, 10, 37, 37, 4, 'Sérieux et agréable.', '2025-01-29 09:20:00'),
(38, 15, 11, 38, 38, 5, 'Je referai appel sans hésiter.', '2025-01-29 10:00:00'),
(39, 2, 12, 39, 39, 5, 'Efficace et rapide.', '2025-01-29 11:40:00'),
(40, 3, 13, 40, 40, 4, 'Service conforme aux attentes.', '2025-01-29 12:25:00'),
(41, 4, 14, 41, 41, 5, 'Très bon feeling, à recommander.', '2025-01-29 15:40:00'),
(42, 5, 15, 42, 42, 5, 'Une vraie pro dans son domaine.', '2025-01-29 17:10:00'),
(43, 6, 2, 43, 43, 4, 'Bon rapport qualité/prix.', '2025-01-30 09:05:00'),
(44, 7, 3, 44, 44, 5, 'Très efficace et sympathique.', '2025-01-30 09:45:00'),
(45, 8, 4, 45, 45, 4, 'Bonne pédagogie et rigueur.', '2025-01-30 10:30:00'),
(46, 9, 5, 46, 46, 4, 'Résultat parfait, merci encore.', '2025-01-30 11:20:00'),
(47, 10, 6, 47, 47, 5, 'Prestation au top.', '2025-01-30 14:40:00'),
(48, 11, 7, 48, 48, 5, 'Très bon relationnel.', '2025-01-30 15:10:00'),
(49, 12, 8, 49, 49, 5, 'Rien à redire, parfait.', '2025-01-30 15:50:00'),
(50, 13, 9, 50, 50, 5, 'Très pro et à l’écoute.', '2025-01-30 16:30:00'),
-- 5 % SANS NOTE (NULL) — 6 reviews
(51, 2, 3, 51, 51, NULL, NULL, '2025-01-31 09:10:00'),
(52, 4, 5, 52, 52, NULL, NULL, '2025-01-31 11:20:00'),
(53, 6, 7, 53, 53, NULL, NULL, '2025-01-31 13:40:00'),
(54, 8, 9, 54, 54, NULL, NULL, '2025-01-31 15:10:00'),
(55, 10, 11, 55, 55, NULL, NULL, '2025-01-31 16:40:00'),
(56, 12, 13, 56, 56, NULL, NULL, '2025-01-31 17:55:00'),
(57, 3, 2, 57, 57, 5, 'Travail parfait.', '2025-02-01 09:40:00'),
(58, 5, 3, 58, 58, 4, 'Bonne qualité.', '2025-02-01 10:20:00'),
(59, 6, 4, 59, 59, 5, 'Très bon service.', '2025-02-01 11:10:00'),
(60, 7, 5, 60, 60, 5, 'Excellent résultat.', '2025-02-01 12:00:00'),
(61, 8, 6, 61, 61, 5, 'Professionnel et rapide.', '2025-02-01 12:50:00'),
(62, 9, 7, 62, 62, 4, 'Satisfaisant.', '2025-02-01 13:30:00'),
(63, 10, 8, 63, 63, 5, 'Très bon contact.', '2025-02-01 14:10:00'),
(64, 11, 9, 64, 64, 5, 'Bonne expérience.', '2025-02-01 15:00:00'),
(65, 12, 10, 65, 65, 4, 'Travail bien fait.', '2025-02-01 16:10:00'),
(66, 13, 11, 66, 66, 5, 'Excellent accueil.', '2025-02-01 17:20:00'),
(67, 14, 12, 67, 67, 5, 'Rien à dire.', '2025-02-02 09:10:00'),
(68, 15, 13, 68, 68, 4, 'Très réactif.', '2025-02-02 10:00:00'),
(69, 2, 14, 69, 69, 5, 'Bon échange.', '2025-02-02 11:10:00'),
(70, 3, 15, 70, 70, 4, 'Service rapide.', '2025-02-02 12:20:00'),
(71, 4, 2, 71, 71, 5, 'Excellent résultat.', '2025-02-02 13:45:00'),
(72, 5, 3, 72, 72, 5, 'Top qualité.', '2025-02-02 14:30:00'),
(73, 6, 4, 73, 73, 4, 'Bonne prestation.', '2025-02-02 15:40:00'),
(74, 7, 5, 74, 74, 5, 'Très bonne communication.', '2025-02-02 16:20:00'),
(75, 8, 6, 75, 75, 4, 'Rien à signaler.', '2025-02-03 09:00:00'),
(76, 9, 7, 76, 76, 5, 'Bon travail.', '2025-02-03 09:50:00'),
(77, 10, 8, 77, 77, 4, 'Prestation correcte.', '2025-02-03 10:30:00'),
(78, 11, 9, 78, 78, 5, 'Très bonne expérience.', '2025-02-03 11:10:00'),
(79, 12, 10, 79, 79, 5, 'Excellent contact.', '2025-02-03 12:00:00'),
(80, 13, 11, 80, 80, 5, 'Professionnel et rapide.', '2025-02-03 12:50:00'),
(81, 14, 12, 81, 81, 4, 'Satisfait.', '2025-02-03 13:40:00'),
(82, 15, 13, 82, 82, 5, 'Très efficace.', '2025-02-03 14:20:00'),
(83, 2, 14, 83, 83, 5, 'Bonne réactivité.', '2025-02-03 15:00:00'),
(84, 3, 15, 84, 84, 5, 'Expérience agréable.', '2025-02-03 16:00:00'),
(85, 4, 2, 85, 85, 4, 'Bon échange.', '2025-02-03 16:45:00'),
(86, 5, 3, 86, 86, 5, 'Très bon résultat.', '2025-02-03 17:20:00'),
(87, 6, 4, 87, 87, 5, 'Travail propre et rapide.', '2025-02-03 18:00:00'),
(88, 7, 5, 88, 88, 5, 'Excellent accueil.', '2025-02-03 18:40:00'),
(89, 8, 6, 89, 89, 5, 'Communication fluide.', '2025-02-04 09:10:00'),
(90, 9, 7, 90, 90, 4, 'Prestation sérieuse.', '2025-02-04 09:50:00'),
(91, 10, 8, 91, 91, 5, 'Très professionnel.', '2025-02-04 10:30:00'),
(92, 11, 9, 92, 92, 5, 'Très réactif.', '2025-02-04 11:00:00'),
(93, 12, 10, 93, 93, 4, 'Bonne expérience.', '2025-02-04 11:40:00'),
(94, 13, 11, 94, 94, 5, 'Excellent contact.', '2025-02-04 12:10:00'),
(95, 14, 12, 95, 95, 5, 'Très pro.', '2025-02-04 12:45:00'),
(96, 15, 13, 96, 96, 4, 'Satisfaisant.', '2025-02-04 13:20:00'),
(97, 2, 14, 97, 97, 5, 'Très bon ressentiment.', '2025-02-04 14:00:00'),
(98, 3, 15, 98, 98, 5, 'Bonne organisation.', '2025-02-04 14:40:00'),
(99, 4, 2, 99, 99, 5, 'Travail parfait.', '2025-02-04 15:10:00'),
(100, 5, 3, 100, 100, 4, 'Bonne prestation.', '2025-02-04 15:50:00'),
(101, 6, 4, 101, 101, 5, 'Très bonne expérience.', '2025-02-04 16:20:00'),
(102, 7, 5, 102, 102, 5, 'Communication efficace.', '2025-02-04 17:00:00'),
(103, 8, 6, 103, 103, 5, 'Super contact.', '2025-02-04 17:40:00'),
(104, 9, 7, 104, 104, 5, 'Très bon travail.', '2025-02-04 18:10:00'),
(105, 10, 8, 105, 105, 4, 'Service propre et net.', '2025-02-04 18:50:00'),
(106, 11, 9, 106, 106, 5, 'Très satisfait.', '2025-02-05 09:10:00'),
(107, 12, 10, 107, 107, 4, 'Prestation correcte.', '2025-02-05 09:40:00'),
(108, 13, 11, 108, 108, 5, 'Excellente prestation.', '2025-02-05 10:20:00'),
(109, 14, 12, 109, 109, 5, 'Rien à redire.', '2025-02-05 11:00:00'),
(110, 15, 13, 110, 110, 4, 'Bon contact.', '2025-02-05 11:40:00'),
(111, 2, 14, 111, 111, 5, 'Très bonne réactivité.', '2025-02-05 12:20:00'),
(112, 3, 15, 112, 112, 5, 'Super échange.', '2025-02-05 13:00:00'),
(113, 4, 2, 113, 113, 4, 'Expérience satisfaisante.', '2025-02-05 13:40:00'),
(114, 5, 3, 114, 114, 5, 'Très bon travail.', '2025-02-05 14:20:00'),
(115, 6, 4, 115, 115, 5, 'Service impeccable.', '2025-02-05 15:00:00'),
(116, 7, 5, 116, 116, 4, 'Communication fluide.', '2025-02-05 15:40:00'),
(117, 8, 6, 117, 117, 5, 'Très pro.', '2025-02-05 16:10:00'),
(118, 9, 7, 118, 118, 5, 'Excellente expérience.', '2025-02-05 17:10:00'),
(119, 10, 8, 119, 119, 5, 'Super prestation.', '2025-02-05 17:50:00'),
(120, 11, 9, 120, 120, 4, 'Bonne expérience.', '2025-02-05 18:30:00');

-- ----------------------------
-- Table `favorite`
-- ----------------------------
TRUNCATE TABLE favorite;
INSERT INTO favorite (id, listing_id, user_id, created_at)
VALUES
(1,1,3,'2025-01-26 12:00:00'),
(2,2,4,'2025-01-26 12:30:00'),
(3,3,5,'2025-01-26 13:00:00'),
(4,4,6,'2025-01-26 13:30:00'),
(5,5,2,'2025-01-26 14:00:00'),
(6,7,12,'2025-01-26 14:10:00'),
(7,9,15,'2025-01-26 14:15:00'),
(8,12,8,'2025-01-26 14:20:00'),
(9,15,20,'2025-01-26 14:25:00'),
(10,18,7,'2025-01-26 14:30:00'),
(11,20,11,'2025-01-26 14:35:00'),
(12,22,17,'2025-01-26 14:40:00'),
(13,25,14,'2025-01-26 14:45:00'),
(14,27,19,'2025-01-26 14:50:00'),
(15,28,22,'2025-01-26 14:55:00'),
(16,30,25,'2025-01-26 15:00:00'),
(17,33,9,'2025-01-26 15:05:00'),
(18,36,13,'2025-01-26 15:10:00'),
(19,38,30,'2025-01-26 15:15:00'),
(20,40,28,'2025-01-26 15:20:00'),
(21,41,32,'2025-01-26 15:22:00'),
(22,42,35,'2025-01-26 15:24:00'),
(23,44,18,'2025-01-26 15:26:00'),
(24,45,10,'2025-01-26 15:28:00'),
(25,47,21,'2025-01-26 15:30:00'),
(26,49,27,'2025-01-26 15:32:00'),
(27,50,40,'2025-01-26 15:34:00'),
(28,53,29,'2025-01-26 15:36:00'),
(29,55,31,'2025-01-26 15:38:00'),
(30,57,42,'2025-01-26 15:40:00'),
(31,59,44,'2025-01-26 15:42:00'),
(32,60,46,'2025-01-26 15:44:00'),
(33,62,48,'2025-01-26 15:46:00'),
(34,63,50,'2025-01-26 15:48:00'),
(35,65,52,'2025-01-26 15:50:00'),
(36,67,54,'2025-01-26 15:52:00'),
(37,68,55,'2025-01-26 15:54:00'),
(38,70,56,'2025-01-26 15:56:00'),
(39,71,58,'2025-01-26 15:58:00'),
(40,72,60,'2025-01-26 16:00:00'),
(41,74,61,'2025-01-26 16:02:00'),
(42,75,62,'2025-01-26 16:04:00'),
(43,76,63,'2025-01-26 16:06:00'),
(44,78,64,'2025-01-26 16:08:00'),
(45,80,65,'2025-01-26 16:10:00'),
(46,82,66,'2025-01-26 16:12:00'),
(47,83,68,'2025-01-26 16:14:00'),
(48,85,69,'2025-01-26 16:16:00'),
(49,86,70,'2025-01-26 16:18:00'),
(50,88,71,'2025-01-26 16:20:00'),
(51,90,72,'2025-01-26 16:22:00'),
(52,91,73,'2025-01-26 16:24:00'),
(53,92,74,'2025-01-26 16:26:00'),
(54,94,75,'2025-01-26 16:28:00'),
(55,96,76,'2025-01-26 16:30:00'),
(56,98,78,'2025-01-26 16:32:00'),
(57,100,79,'2025-01-26 16:34:00'),
(58,102,80,'2025-01-26 16:36:00'),
(59,104,81,'2025-01-26 16:38:00'),
(60,105,82,'2025-01-26 16:40:00'),
(61,107,83,'2025-01-26 16:42:00'),
(62,108,84,'2025-01-26 16:44:00'),
(63,110,85,'2025-01-26 16:46:00'),
(64,112,86,'2025-01-26 16:48:00'),
(65,113,87,'2025-01-26 16:50:00'),
(66,115,88,'2025-01-26 16:52:00'),
(67,116,89,'2025-01-26 16:54:00'),
(68,118,90,'2025-01-26 16:56:00'),
(69,120,91,'2025-01-26 16:58:00'),
(70,122,92,'2025-01-26 17:00:00'),
(71,123,93,'2025-01-26 17:02:00'),
(72,124,94,'2025-01-26 17:04:00'),
(73,126,95,'2025-01-26 17:06:00'),
(74,127,96,'2025-01-26 17:08:00'),
(75,128,97,'2025-01-26 17:10:00'),
(76,130,98,'2025-01-26 17:12:00'),
(77,132,99,'2025-01-26 17:14:00'),
(78,134,100,'2025-01-26 17:16:00'),
(79,135,101,'2025-01-26 17:18:00'),
(80,138,102,'2025-01-26 17:20:00'),
(81,140,103,'2025-01-26 17:22:00'),
(82,142,104,'2025-01-26 17:24:00'),
(83,144,105,'2025-01-26 17:26:00'),
(84,145,106,'2025-01-26 17:28:00'),
(85,147,107,'2025-01-26 17:30:00'),
(86,148,108,'2025-01-26 17:32:00'),
(87,150,109,'2025-01-26 17:34:00'),
(88,151,110,'2025-01-26 17:36:00'),
(89,152,111,'2025-01-26 17:38:00'),
(90,154,112,'2025-01-26 17:40:00'),
(91,156,113,'2025-01-26 17:42:00'),
(92,158,114,'2025-01-26 17:44:00'),
(93,159,115,'2025-01-26 17:46:00'),
(94,160,116,'2025-01-26 17:48:00'),
(95,162,117,'2025-01-26 17:50:00'),
(96,163,118,'2025-01-26 17:52:00'),
(97,165,119,'2025-01-26 17:54:00'),
(98,167,120,'2025-01-26 17:56:00'),
(99,168,5,'2025-01-26 17:58:00'),
(100,170,6,'2025-01-26 18:00:00'),
(101,172,8,'2025-01-26 18:02:00'),
(102,174,10,'2025-01-26 18:04:00'),
(103,175,12,'2025-01-26 18:06:00'),
(104,176,14,'2025-01-26 18:08:00'),
(105,178,16,'2025-01-26 18:10:00'),
(106,180,18,'2025-01-26 18:12:00'),
(107,181,20,'2025-01-26 18:14:00'),
(108,183,21,'2025-01-26 18:16:00'),
(109,185,23,'2025-01-26 18:18:00'),
(110,186,24,'2025-01-26 18:20:00'),
(111,188,25,'2025-01-26 18:22:00'),
(112,189,26,'2025-01-26 18:24:00'),
(113,191,27,'2025-01-26 18:26:00'),
(114,192,28,'2025-01-26 18:28:00'),
(115,193,29,'2025-01-26 18:30:00'),
(116,195,30,'2025-01-26 18:32:00'),
(117,197,31,'2025-01-26 18:34:00'),
(118,198,32,'2025-01-26 18:36:00'),
(119,199,33,'2025-01-26 18:38:00'),
(120,200,34,'2025-01-26 18:40:00'),
(121,202,35,'2025-01-26 18:42:00'),
(122,204,36,'2025-01-26 18:44:00'),
(123,205,37,'2025-01-26 18:46:00'),
(124,207,38,'2025-01-26 18:48:00'),
(125,208,39,'2025-01-26 18:50:00'),
(126,210,40,'2025-01-26 18:52:00'),
(127,212,41,'2025-01-26 18:54:00'),
(128,214,42,'2025-01-26 18:56:00'),
(129,215,43,'2025-01-26 18:58:00'),
(130,216,44,'2025-01-26 19:00:00'),
(131,218,45,'2025-01-26 19:02:00'),
(132,219,46,'2025-01-26 19:04:00'),
(133,220,47,'2025-01-26 19:06:00'),
(134,222,48,'2025-01-26 19:08:00'),
(135,223,49,'2025-01-26 19:10:00'),
(136,225,50,'2025-01-26 19:12:00'),
(137,227,51,'2025-01-26 19:14:00'),
(138,228,52,'2025-01-26 19:16:00'),
(139,229,53,'2025-01-26 19:18:00'),
(140,230,54,'2025-01-26 19:20:00'),
(141,232,55,'2025-01-26 19:22:00'),
(142,234,56,'2025-01-26 19:24:00'),
(143,235,57,'2025-01-26 19:26:00'),
(144,236,58,'2025-01-26 19:28:00'),
(145,238,59,'2025-01-26 19:30:00'),
(146,240,60,'2025-01-26 19:32:00'),
(147,241,61,'2025-01-26 19:34:00'),
(148,242,62,'2025-01-26 19:36:00'),
(149,244,63,'2025-01-26 19:38:00'),
(150,246,64,'2025-01-26 19:40:00'),
(151,247,65,'2025-01-26 19:42:00'),
(152,248,66,'2025-01-26 19:44:00'),
(153,249,67,'2025-01-26 19:46:00'),
(154,250,68,'2025-01-26 19:48:00'),
(155,252,69,'2025-01-26 19:50:00'),
(156,253,70,'2025-01-26 19:52:00'),
(157,255,71,'2025-01-26 19:54:00'),
(158,256,72,'2025-01-26 19:56:00'),
(159,257,73,'2025-01-26 19:58:00'),
(160,259,74,'2025-01-26 20:00:00'),
(161,260,75,'2025-01-26 20:02:00'),
(162,262,76,'2025-01-26 20:04:00'),
(163,263,77,'2025-01-26 20:06:00'),
(164,264,78,'2025-01-26 20:08:00'),
(165,266,79,'2025-01-26 20:10:00'),
(166,267,80,'2025-01-26 20:12:00'),
(167,268,81,'2025-01-26 20:14:00'),
(168,269,82,'2025-01-26 20:16:00'),
(169,270,83,'2025-01-26 20:18:00'),
(170,272,84,'2025-01-26 20:20:00'),
(171,273,85,'2025-01-26 20:22:00'),
(172,275,86,'2025-01-26 20:24:00'),
(173,276,87,'2025-01-26 20:26:00'),
(174,277,88,'2025-01-26 20:28:00'),
(175,279,89,'2025-01-26 20:30:00'),
(176,280,90,'2025-01-26 20:32:00'),
(177,282,91,'2025-01-26 20:34:00'),
(178,283,92,'2025-01-26 20:36:00'),
(179,284,93,'2025-01-26 20:38:00'),
(180,285,94,'2025-01-26 20:40:00'),
(181,287,95,'2025-01-26 20:42:00'),
(182,288,96,'2025-01-26 20:44:00'),
(183,289,97,'2025-01-26 20:46:00'),
(184,290,98,'2025-01-26 20:48:00'),
(185,292,99,'2025-01-26 20:50:00'),
(186,293,100,'2025-01-26 20:52:00'),
(187,294,101,'2025-01-26 20:54:00'),
(188,295,102,'2025-01-26 20:56:00'),
(189,296,103,'2025-01-26 20:58:00'),
(190,297,104,'2025-01-26 21:00:00'),
(191,298,105,'2025-01-26 21:02:00'),
(192,299,106,'2025-01-26 21:04:00'),
(193,300,107,'2025-01-26 21:06:00'),
(194,12,108,'2025-01-26 21:08:00'),
(195,24,109,'2025-01-26 21:10:00'),
(196,36,110,'2025-01-26 21:12:00'),
(197,44,111,'2025-01-26 21:14:00'),
(198,65,112,'2025-01-26 21:16:00'),
(199,88,113,'2025-01-26 21:18:00'),
(200,140,114,'2025-01-26 21:20:00');

-- ----------------------------
-- Table `profile`
-- ----------------------------
TRUNCATE TABLE profile;

INSERT INTO profile (id,user_id,bio,skills_offered,skills_wanted,avatar_filename)
VALUES
-- j'ai modifier en bdd pour mettre text et pas json via requete sql pour eviter bug, se format est pour v2/v3--
(1,1,'Administrateur de TalentÉkô, passionné de gestion et d’innovation.','["Gestion","pilotage"]','["Innovation"]',NULL),
(2,2,'Assistante administrative passionnée par l’organisation.','["Gestion","démarches","bureautique"]','["Communication"]',NULL),
(3,3,'Amateur de cuisine et chef autodidacte.','["Cuisine","pâtisserie"]','["Photographie"]',NULL),
(4,4,'Prof d’anglais dynamique et pédagogue.','["Langues","traduction"]','["Marketing"]',NULL),
(5,5,'Technicien informatique freelance.','["Dépannage","sécurité","web"]','["Musique"]',NULL),
(6,6,'Bricoleuse créative et passionnée de décoration.','["Bricolage","peinture"]','["Jardinage"]',NULL),
(7,7,'Graphiste spécialisée dans l’identité visuelle.','["Design","retouche photo"]','["Rédaction"]',NULL),
(8,8,'Coach sportif certifié.','["Coaching","nutrition"]','["SEO"]',NULL),
(9,9,'Développeuse web en reconversion.','["HTML","CSS","JS"]','["UX/UI"]',NULL),
(10,10,'Étudiant en marketing digital.','["Réseaux sociaux","community management"]','["Montage vidéo"]',NULL),
(11,11,'Musicien amateur et compositeur.','["Guitare","MAO"]','["Photographie"]',NULL),
(12,12,'Couturière passionnée.','["Retouches","création textile"]','["Comptabilité"]',NULL),
(13,13,'Photographe événementiel.','["Photos","retouches"]','["Cuisine"]',NULL),
(14,14,'Artisan du bois.','["Menuiserie","fabrication"]','["Informatique"]',NULL),
(15,15,'Étudiante en psychologie.','["Aide","écoute"]','["Anglais"]',NULL),
(16,16,'Jardinier passionné par la permaculture.','["Jardinage","compostage"]','["Peinture"]',NULL),
(17,17,'Montage vidéo et storytelling visuel.','["Montage","prise de vue"]','["SEO"]',NULL),
(18,18,'Passionné de finances personnelles.','["Budget","épargne"]','["Musculation"]',NULL),
(19,19,'Peintre amateur et décorateur intérieur.','["Peinture","déco"]','["Menuiserie"]',NULL),
(20,20,'Spécialiste en communication.','["Stratégie","storytelling"]','["Illustration"]',NULL),
(21,21,'Développeur backend.','["PHP","MySQL"]','["Graphisme"]',NULL),
(22,22,'Ingénieur système.','["Serveurs","réseaux"]','["Photographie"]',NULL),
(23,23,'Créatrice de bijoux artisanaux.','["Bijoux","création"]','["Marketing"]',NULL),
(24,24,'Yoga teacher certifiée.','["Yoga","respiration"]','["Montage vidéo"]',NULL),
(25,25,'Passionné d’astronomie.','["Observation","vulgarisation"]','["Python"]',NULL),
(26,26,'Étudiante en illustration.','["Dessin","colorisation"]','["Anglais"]',NULL),
(27,27,'Consultant en ressources humaines.','["Coaching","CV"]','["Design"]',NULL),
(28,28,'Passionné de mécanique.','["Entretien auto","diagnostic"]','["Informatique"]',NULL),
(29,29,'Chef pâtissier en apprentissage.','["Pâtisserie"]','["Montage vidéo"]',NULL),
(30,30,'Étudiante en lettres modernes.','["Rédaction","correction"]','["Espagnol"]',NULL),
(31,31,'Développeur mobile Flutter.','["Apps mobiles"]','["Graphisme"]',NULL),
(32,32,'Art-thérapeute.','["Accompagnement","créativité"]','["SEO"]',NULL),
(33,33,'Expert comptable junior.','["Compta","fiscalité"]','["Design"]',NULL),
(34,34,'Passionnée d’écriture créative.','["Rédaction","poésie"]','["Montage audio"]',NULL),
(35,35,'Athlète amateur.','["Course","préparation physique"]','["Nutrition"]',NULL),
(36,36,'Musicien, piano depuis 15 ans.','["Piano"]','["Photographie"]',NULL),
(37,37,'Développeur WordPress.','["Site vitrine","optimisation"]','["Illustration"]',NULL),
(38,38,'Graphiste 3D.','["3D modeling"]','["Copywriting"]',NULL),
(39,39,'Traductrice français-anglais.','["Traduction"]','["HTML/CSS"]',NULL),
(40,40,'Passionné d’histoire.','["Recherche","vulgarisation"]','["Montage vidéo"]',NULL),
(41,41,'Créatrice de contenus Instagram.','["Réseaux sociaux"]','["Dessin"]',NULL),
(42,42,'Étudiant en économie.','["Analyse","statistiques"]','["Anglais"]',NULL),
(43,43,'Coach en développement personnel.','["Accompagnement","mindset"]','["Illustration"]',NULL),
(44,44,'Rédacteur SEO.','["Écriture optimisée"]','["Montage vidéo"]',NULL),
(45,45,'Chanteuse amateur.','["Chant","vocal coaching"]','["Design graphique"]',NULL),
(46,46,'Menuisier professionnel.','["Bois","assemblage"]','["Dépannage PC"]',NULL),
(47,47,'Naturopathe.','["Bien-être","alimentation"]','["Montage audio"]',NULL),
(48,48,'Développeur Python.','["Automatisation","scripts"]','["Anglais"]',NULL),
(49,49,'Étudiante en photographie.','["Shooting","retouches"]','["Rédaction"]',NULL),
(50,50,'Community manager.','["Planification","création"]','["Peinture"]',NULL),
(51,51,'Passionné de langues.','["Espagnol","anglais"]','["Développement web"]',NULL),
(52,52,'Designer UX.','["Wireframes","prototypes"]','["Marketing"]',NULL),
(53,53,'Céramiste.','["Poterie","émaillage"]','["Comptabilité"]',NULL),
(54,54,'Journaliste amateur.','["Rédaction","interview"]','["Montage vidéo"]',NULL),
(55,55,'Développeuse front-end.','["JS","Vue.js"]','["SEO"]',NULL),
(56,56,'Coach de vie.','["Écoute","guidance"]','["Illustration"]',NULL),
(57,57,'Passionné de nutrition.','["Conseils alimentaires"]','["Muscu"]',NULL),
(58,58,'Blogger voyage.','["Récits","photos"]','["Montage vidéo"]',NULL),
(59,59,'Ingénieur mécanique.','["Modélisation","CAO"]','["Informatique"]',NULL);


-- ----------------------------
-- Table `thread`
-- ----------------------------
TRUNCATE TABLE thread;
INSERT INTO thread (id, exchange_id, created_at, updated_at) VALUES
(1, 2,'2025-01-15 09:00:00','2025-01-15 09:30:00'),
(2, 3,'2025-01-16 10:00:00','2025-01-16 10:40:00'),
(3, 4,'2025-01-17 11:00:00','2025-01-17 11:45:00'),
(4, 5,'2025-01-18 12:00:00','2025-01-18 12:20:00'),
(5, 6,'2025-01-19 09:00:00','2025-01-19 09:25:00'),
(6, 7,'2025-01-20 10:00:00','2025-01-20 10:35:00'),
(7, 8,'2025-01-20 14:00:00','2025-01-20 14:50:00'),
(8, 9,'2025-01-21 09:30:00','2025-01-21 09:55:00'),
(9, 10,'2025-01-21 11:00:00','2025-01-21 11:25:00'),
(10, 11,'2025-01-21 16:00:00','2025-01-21 16:40:00'),
(11, 12,'2025-01-22 09:20:00','2025-01-22 09:50:00'),
(12, 13,'2025-01-22 10:00:00','2025-01-22 10:30:00'),
(13, 14,'2025-01-22 15:30:00','2025-01-22 16:00:00'),
(14, 15,'2025-01-23 09:00:00','2025-01-23 09:30:00'),
(15, 16,'2025-01-23 11:00:00','2025-01-23 11:45:00'),
(16, 17,'2025-01-23 14:00:00','2025-01-23 14:25:00'),
(17, 18,'2025-01-24 09:15:00','2025-01-24 09:50:00'),
(18, 19,'2025-01-24 10:00:00','2025-01-24 10:40:00'),
(19, 20,'2025-01-24 13:00:00','2025-01-24 13:25:00'),
(20, 21,'2025-01-25 09:30:00','2025-01-25 09:55:00'),
(21, 22,'2025-01-25 10:00:00','2025-01-25 10:30:00'),
(22, 23,'2025-01-25 11:00:00','2025-01-25 11:20:00'),
(23, 24,'2025-01-25 15:00:00','2025-01-25 15:40:00'),
(24, 25,'2025-01-26 09:00:00','2025-01-26 09:35:00'),
(25, 26,'2025-01-26 10:00:00','2025-01-26 10:30:00'),
(26, 27,'2025-01-26 11:00:00','2025-01-26 11:50:00'),
(27, 28,'2025-01-27 09:00:00','2025-01-27 09:30:00'),
(28, 29,'2025-01-27 09:45:00','2025-01-27 10:10:00'),
(29, 30,'2025-01-27 11:00:00','2025-01-27 11:40:00'),
(30, 31,'2025-01-27 14:00:00','2025-01-27 14:30:00'),
(31, 32,'2025-01-28 09:00:00','2025-01-28 09:20:00'),
(32, 33,'2025-01-28 10:00:00','2025-01-28 10:50:00'),
(33, 34,'2025-01-28 15:00:00','2025-01-28 15:30:00'),
(34, 35,'2025-01-29 09:00:00','2025-01-29 09:45:00'),
(35, 36,'2025-01-29 11:00:00','2025-01-29 11:35:00'),
(36, 37,'2025-01-29 16:00:00','2025-01-29 16:30:00'),
(37, 38,'2025-01-30 09:00:00','2025-01-30 09:25:00'),
(38, 39,'2025-01-30 10:00:00','2025-01-30 10:22:00'),
(39, 40,'2025-01-30 14:00:00','2025-01-30 14:45:00'),
(40, 41,'2025-01-30 15:00:00','2025-01-30 15:35:00');

-- ----------------------------
-- Table `thread_participants`
-- ----------------------------
TRUNCATE TABLE thread_participants;
INSERT INTO thread_participants (thread_id, user_id) VALUES
(1,2),(1,3),
(2,3),(2,4),
(3,4),(3,5),
(4,5),(4,6),
(5,2),(5,7),
(6,3),(6,8),
(7,4),(7,9),
(8,5),(8,10),
(9,6),(9,11),
(10,7),(10,12),
(11,8),(11,13),
(12,9),(12,14),
(13,10),(13,15),
(14,11),(14,16),
(15,12),(15,17),
(16,13),(16,18),
(17,14),(17,19),
(18,15),(18,20),
(19,16),(19,21),
(20,17),(20,22),
(21,18),(21,23),
(22,19),(22,24),
(23,20),(23,25),
(24,21),(24,26),
(25,22),(25,27),
(26,23),(26,28),
(27,24),(27,29),
(28,25),(28,30),
(29,26),(29,31),
(30,27),(30,32),
(31,28),(31,33),
(32,29),(32,34),
(33,30),(33,35),
(34,31),(34,36),
(35,32),(35,37),
(36,33),(36,38),
(37,34),(37,39),
(38,35),(38,40),
(39,36),(39,41),
(40,37),(40,42);

-- ----------------------------
-- Table `message`
-- ----------------------------
TRUNCATE TABLE message;

INSERT INTO message (id,thread_id,sender_id,recipient_id,content,created_at,updated_at) VALUES
(1,1,2,3,'Bonjour, je suis intéressée par votre offre !','2025-01-15 09:05:00', NULL),
(2,1,3,2,'Bonjour Léa, ravi de vous aider !','2025-01-15 09:10:00', NULL),
(3,2,3,4,'Merci pour le cours, c’était super.','2025-01-16 10:10:00', NULL),
(4,2,4,3,'Merci à vous !','2025-01-16 10:12:00', NULL),
(5,3,4,5,'Pouvez-vous me dépanner mon PC ?','2025-01-17 11:05:00', NULL),
(6,3,5,4,'Oui bien sûr, quel problème rencontrez-vous ?','2025-01-17 11:10:00', NULL),
(7,4,5,6,'Votre annonce de peinture m’intéresse.','2025-01-18 12:05:00', NULL),
(8,4,6,5,'Parfait, on peut convenir d’un rendez-vous !','2025-01-18 12:10:00', NULL),
(9,5,2,7,'Bonjour, encore disponible pour l’échange ?','2025-01-19 09:05:00', NULL),
(10,5,7,2,'Oui tout à fait, quand êtes-vous libre ?','2025-01-19 09:10:00', NULL),
(11,6,3,8,'Merci pour votre aide sur le projet !','2025-01-20 10:05:00', NULL),
(12,6,8,3,'Avec plaisir, si besoin je peux repasser.','2025-01-20 10:15:00', NULL),
(13,7,4,9,'Intéressé par votre annonce de bricolage.','2025-01-20 14:05:00', NULL),
(14,7,9,4,'Super, je peux passer demain si vous voulez.','2025-01-20 14:15:00', NULL),
(15,8,5,10,'Bonjour, vous proposez toujours des cours ?','2025-01-21 09:35:00', NULL),
(16,8,10,5,'Oui, vous souhaitez quel niveau ?','2025-01-21 09:40:00', NULL),
(17,9,6,11,'J’aurais besoin d’un service informatique.','2025-01-21 11:05:00', NULL),
(18,9,11,6,'Pas de souci, expliquez-moi.','2025-01-21 11:12:00', NULL),
(19,10,7,12,'Votre échange m’intéresse beaucoup.','2025-01-21 16:05:00', NULL),
(20,10,12,7,'Parfait, on s’arrange quand ?','2025-01-21 16:15:00', NULL),
(21,11,8,13,'Bonjour, vous êtes dispo pour un cours ?','2025-01-22 09:25:00', NULL),
(22,11,13,8,'Oui, demain matin si vous voulez.','2025-01-22 09:33:00', NULL),
(23,12,9,14,'Merci pour votre retour rapide.','2025-01-22 10:10:00', NULL),
(24,12,14,9,'Avec plaisir, tenez-moi au courant.','2025-01-22 10:20:00', NULL),
(25,13,10,15,'Besoin d’un accompagnement administratif.','2025-01-22 15:40:00', NULL),
(26,13,15,10,'Je peux vous aider cet après-midi.','2025-01-22 15:50:00', NULL),
(27,14,11,16,'Bonjour, j’ai vu votre annonce.','2025-01-23 09:05:00', NULL),
(28,14,16,11,'Merci ! Vous cherchez quoi exactement ?','2025-01-23 09:10:00', NULL),
(29,15,12,17,'Cours toujours disponibles ?','2025-01-23 11:05:00', NULL),
(30,15,17,12,'Oui, vous êtes dispo ce soir ?','2025-01-23 11:12:00', NULL),
(31,16,13,18,'Je peux venir réparer votre matériel.','2025-01-23 14:05:00', NULL),
(32,16,18,13,'Super, je serai chez moi vers 17h.','2025-01-23 14:12:00', NULL),
(33,17,14,19,'Merci pour votre message !','2025-01-24 09:20:00', NULL),
(34,17,19,14,'Avec plaisir, besoin de précisions ?','2025-01-24 09:28:00', NULL),
(35,18,15,20,'Intéressé par un échange de compétences.','2025-01-24 10:15:00', NULL),
(36,18,20,15,'Parfait, je suis dispo en fin de journée.','2025-01-24 10:22:00', NULL),
(37,19,16,21,'Pouvez-vous m’aider pour mon dossier ?','2025-01-24 13:05:00', NULL),
(38,19,21,16,'Bien sûr, envoyez-moi les documents.','2025-01-24 13:15:00', NULL),
(39,20,17,22,'Bonjour ! Toujours partant ?','2025-01-25 09:35:00', NULL),
(40,20,22,17,'Toujours ! On confirme aujourd’hui ?','2025-01-25 09:42:00', NULL),
(41,21,18,23,'J’ai vu votre service, ça m’intéresse.','2025-01-25 10:12:00', NULL),
(42,21,23,18,'Très bien, on s’appelle ?','2025-01-25 10:18:00', NULL),
(43,22,19,24,'Besoin d’un coup de main urgent.','2025-01-25 11:05:00', NULL),
(44,22,24,19,'J’arrive dans 20 minutes.','2025-01-25 11:10:00', NULL),
(45,23,20,25,'Votre annonce est top.','2025-01-25 15:10:00', NULL),
(46,23,25,20,'Merci ! Vous avez des questions ?','2025-01-25 15:20:00', NULL),
(47,24,21,26,'Bonjour, disponibilité ?','2025-01-26 09:10:00', NULL),
(48,24,26,21,'Oui, je suis libre cet après-midi.','2025-01-26 09:18:00', NULL),
(49,25,22,27,'Merci pour votre retour.','2025-01-26 10:10:00', NULL),
(50,25,27,22,'Avec plaisir !','2025-01-26 10:15:00', NULL),
(51,26,23,28,'Salut, dispo pour un appel ?','2025-01-26 11:10:00', NULL),
(52,26,28,23,'Oui, je suis dispo.','2025-01-26 11:15:00', NULL),
(53,27,24,29,'J’aime beaucoup votre service.','2025-01-27 09:10:00', NULL),
(54,27,29,24,'Merci beaucoup !','2025-01-27 09:18:00', NULL),
(55,28,25,30,'On peut fixer un rendez-vous ?','2025-01-27 09:55:00', NULL),
(56,28,30,25,'Oui, jeudi matin ?','2025-01-27 10:05:00', NULL),
(57,29,26,31,'Intéressé par vos compétences.','2025-01-27 11:15:00', NULL),
(58,29,31,26,'Merci ! Disponible demain ?','2025-01-27 11:22:00', NULL),
(59,30,27,32,'Votre annonce est encore actuelle ?','2025-01-27 14:10:00', NULL),
(60,30,32,27,'Oui, tout à fait.','2025-01-27 14:15:00', NULL),
(61,31,28,33,'Bonjour !','2025-01-28 09:10:00', NULL),
(62,31,33,28,'Bonjour ! Que puis-je faire ?','2025-01-28 09:15:00', NULL),
(63,32,29,34,'Un échange vous tente ?','2025-01-28 10:12:00', NULL),
(64,32,34,29,'Oui, très intéressé.','2025-01-28 10:20:00', NULL),
(65,33,30,35,'Merci pour votre aide.','2025-01-28 15:10:00', NULL),
(66,33,35,30,'Avec plaisir !','2025-01-28 15:18:00', NULL),
(67,34,31,36,'Bonjour, votre cours m’intéresse.','2025-01-29 09:15:00', NULL),
(68,34,36,31,'Super ! Vous débutez ?','2025-01-29 09:22:00', NULL),
(69,35,32,37,'On peut échanger ?','2025-01-29 11:15:00', NULL),
(70,35,37,32,'Bien sûr !','2025-01-29 11:20:00', NULL),
(71,36,33,38,'Toujours dispo pour l’échange ?','2025-01-29 16:05:00', NULL),
(72,36,38,33,'Oui !','2025-01-29 16:12:00', NULL),
(73,37,34,39,'Bonjour, intéressé par votre service.','2025-01-30 09:10:00', NULL),
(74,37,39,34,'Merci ! Dispo quand ?','2025-01-30 09:15:00', NULL),
(75,38,35,40,'J’ai besoin de votre aide.','2025-01-30 10:05:00', NULL),
(76,38,40,35,'Je suis disponible cet après-midi.','2025-01-30 10:12:00', NULL),
(77,39,36,41,'Merci pour votre disponibilité.','2025-01-30 14:15:00', NULL),
(78,39,41,36,'Avec plaisir !','2025-01-30 14:22:00', NULL),
(79,40,37,42,'On peut fixer un rendez-vous ?','2025-01-30 15:12:00', NULL),
(80,40,42,37,'Oui, vendredi ça vous va ?','2025-01-30 15:18:00', NULL),
(81,40,37,42,'Parfait pour vendredi !','2025-01-30 15:25:00', NULL),
(82,39,36,41,'Je confirme pour demain.','2025-01-30 14:35:00', NULL),
(83,38,40,35,'À tout à l’heure !','2025-01-30 10:20:00', NULL),
(84,37,34,39,'Je suis dispo demain matin.','2025-01-30 09:20:00', NULL),
(85,36,33,38,'Super, à demain !','2025-01-29 16:18:00', NULL),
(86,35,32,37,'On fait ça ce week-end.','2025-01-29 11:25:00', NULL),
(87,34,36,31,'On commence lundi ?','2025-01-29 09:30:00', NULL),
(88,33,35,30,'Bonne journée !','2025-01-28 15:25:00', NULL),
(89,32,29,34,'Top, merci !','2025-01-28 10:25:00', NULL),
(90,31,33,28,'Je reviens vers vous ce soir.','2025-01-28 09:20:00', NULL);

-- ----------------------------
-- Table `notification`
-- ----------------------------
TRUNCATE TABLE notification;

INSERT INTO notification (id,user_id,type,content,is_read,created_at)
VALUES
(1,2,'message','Vous avez reçu un nouveau message de AmineB.',0,'2025-01-15 09:10:00'),
(2,3,'exchange','Votre échange a été accepté.',1,'2025-01-16 10:15:00'),
(3,4,'review','Vous avez reçu un nouvel avis.',0,'2025-01-17 11:20:00'),
(4,5,'message','Nouveau message de JulieP.',1,'2025-01-18 12:15:00'),
(5,6,'exchange','Votre demande a été envoyée.',1,'2025-01-19 14:10:00'),
(6,3,'message','Nouveau message de Léa93.',0,'2025-01-19 15:30:00'),
(7,4,'review','Votre prestation a reçu une note de 5 étoiles.',1,'2025-01-20 08:50:00'),
(8,2,'exchange','L’échange est maintenant confirmé.',0,'2025-01-20 10:05:00'),
(9,5,'message','Vous avez un nouveau message de ThomasA.',0,'2025-01-21 09:40:00'),
(10,6,'message','Nouveau message de NadiaPro.',1,'2025-01-21 11:22:00'),
(11,1,'review','Un utilisateur a laissé un avis sur votre profil.',0,'2025-01-22 13:10:00'),
(12,3,'exchange','Une nouvelle demande d’échange a été reçue.',0,'2025-01-22 15:45:00'),
(13,4,'message','Message reçu de DevFlo.',1,'2025-01-23 16:00:00'),
(14,2,'review','Vous avez reçu un nouvel avis positif.',1,'2025-01-23 17:25:00'),
(15,5,'exchange','Votre proposition a été refusée.',0,'2025-01-23 18:40:00'),
(16,6,'exchange','Votre échange est désormais en cours.',0,'2025-01-24 09:30:00'),
(17,3,'message','Nouveau message de BrunoWeb.',1,'2025-01-24 11:05:00'),
(18,4,'message','Message non lu de ManuTech.',0,'2025-01-24 12:15:00'),
(19,1,'exchange','Votre échange est terminé.',1,'2025-01-24 13:00:00'),
(20,2,'review','Vous avez reçu un avis de 4 étoiles.',0,'2025-01-24 13:45:00'),
(21,5,'message','Nouvelle réponse de JulieP.',0,'2025-01-24 14:20:00'),
(22,6,'exchange','Un utilisateur souhaite échanger avec vous.',1,'2025-01-24 15:55:00'),
(23,3,'message','Vous avez un message de ClaraD.',0,'2025-01-24 16:30:00'),
(24,4,'review','Un utilisateur a laissé un retour sur votre service.',1,'2025-01-24 17:10:00'),
(25,2,'exchange','La date d’échange a été modifiée.',0,'2025-01-24 18:00:00'),
(26,1,'message','Nouvelle discussion créée avec MarieC.',1,'2025-01-25 09:20:00'),
(27,5,'review','Vous avez reçu un avis neutre.',0,'2025-01-25 10:05:00'),
(28,6,'message','Message reçu de ArtDesign.',0,'2025-01-25 11:45:00'),
(29,3,'exchange','Votre demande est en attente.',1,'2025-01-25 12:30:00'),
(30,4,'message','Nouveau message de PhotoMax.',0,'2025-01-25 13:15:00'),
(31,2,'review','Votre compétence a été notée.',0,'2025-01-25 14:40:00'),
(32,1,'exchange','L’échange a été annulé.',1,'2025-01-25 15:50:00'),
(33,6,'message','Vous avez reçu une réponse de EcoServ.',0,'2025-01-25 16:25:00'),
(34,5,'exchange','Votre échange a été automatiquement rappelé.',1,'2025-01-25 17:10:00'),
(35,4,'review','Vous avez un nouvel avis détaillé.',0,'2025-01-25 18:25:00'),
(36,3,'message','Nouvelle notification : message vocal reçu.',1,'2025-01-25 19:00:00'),
(37,2,'exchange','Votre proposition est en cours de validation.',0,'2025-01-26 08:15:00'),
(38,1,'review','Un nouvel avis a été publié sur votre profil.',0,'2025-01-26 09:30:00'),
(39,5,'message','Nouveau message de FixItPierre.',1,'2025-01-26 10:45:00'),
(40,6,'exchange','Un utilisateur a accepté votre échange.',0,'2025-01-26 11:20:00');

-- ----------------------------
-- Table `password_reset_token`
-- ----------------------------
TRUNCATE TABLE password_reset_token;
INSERT INTO password_reset_token (id,user_id,token,created_at,expires_at)
VALUES
(1,2,'RESET123','2025-01-10 10:00:00','2025-01-11 10:00:00'),
(2,3,'RESET456','2025-01-11 10:00:00','2025-01-12 10:00:00'),
(3,4,'RESET789','2025-01-12 10:00:00','2025-01-13 10:00:00');

-- ----------------------------
-- Table `messenger_messages`
-- ----------------------------
TRUNCATE TABLE messenger_messages;
INSERT INTO messenger_messages (id,body,headers,queue_name,created_at,available_at)
VALUES
(1,'{"event":"notify_user","data":"Nouveau message"}','[]','async','2025-01-14 10:00:00','2025-01-14 10:00:00'),
(2,'{"event":"send_email","data":"Confirmation d’inscription"}','[]','async','2025-01-14 11:00:00','2025-01-14 11:00:00');

SET FOREIGN_KEY_CHECKS=1;
